完整问题,题干,A,B,C,D,E,正确答案
"
            你是一名保险产品领域的专家，你可以判断给定的内容是对还是错。
            内容是：投资连结保险是一种融保险与投资功能于一身的险种。
            你是输出只能是""对""或者""错""。
            ",投资连结保险是一种融保险与投资功能于一身的险种。,对,错,,,,对
"
            你是一名保险产品领域的专家，你可以判断给定的内容是对还是错。
            内容是：财产保险的保险费率则以经验生命表为厘定费率的主要依据, 同时必须考虑利率水平和投资收益水平。（ ）
            你是输出只能是""对""或者""错""。
            ","财产保险的保险费率则以经验生命表为厘定费率的主要依据, 同时必须考虑利率水平和投资收益水平。（ ）",对,错,,,,错
"
            你是一名保险产品领域的专家，你可以判断给定的内容是对还是错。
            内容是：水险不仅受我国 ?海商法? ?保险法? ?合同法? ?民法总则? 等相关法律的制约，而且往往受他国法律法规和国际私法公约、惯例的制约和调整。(  )
            你是输出只能是""对""或者""错""。
            ",水险不仅受我国 ?海商法? ?保险法? ?合同法? ?民法总则? 等相关法律的制约，而且往往受他国法律法规和国际私法公约、惯例的制约和调整。(  ),对,错,,,,对
"
            以下是关于保险产品的单项选择题，请直接给出正确答案的选项。
            题目：人身保险合同中通常载有不可抗辩条款，根据该条款，抗辩期多为：
            选项：
            A：一年
            B：二年
            C：三年
            D：四年
            从ABCD中选出唯一正确的答案。
            ",人身保险合同中通常载有不可抗辩条款，根据该条款，抗辩期多为：,一年,二年,三年,四年,,B
"
            以下是关于保险产品的单项选择题，请直接给出正确答案的选项。
            题目：若保险合同规定，当现金价值达到一定水平时，可以自动垫缴保费，避免保单失效。此时，垫缴保费后，保单的现金价值会：
            选项：
            A： 增加
            B： 减少（因为用现金价值垫缴保费）
            C： 保持不变
            D： 归零
            从ABCD中选出唯一正确的答案。
            ",若保险合同规定，当现金价值达到一定水平时，可以自动垫缴保费，避免保单失效。此时，垫缴保费后，保单的现金价值会：, 增加, 减少（因为用现金价值垫缴保费）, 保持不变, 归零,,B
"
            以下是关于保险产品的单项选择题，请直接给出正确答案的选项。
            题目：在寿险产品定价的利润测试中，以下指标最能直接反映产品盈利能力的是（ ）。
            选项：
            A： 保费收入增长率
            B： 保单年度末的责任准备金
            C： 利润率（利润与保费收入的比率）
            D： 保险金额的大小
            从ABCD中选出唯一正确的答案。
            ",在寿险产品定价的利润测试中，以下指标最能直接反映产品盈利能力的是（ ）。, 保费收入增长率, 保单年度末的责任准备金, 利润率（利润与保费收入的比率）, 保险金额的大小,,C
"
            以下是关于保险产品的单项选择题，请直接给出正确答案的选项。
            题目：以下哪种保险产品的定价对死亡率因素最为敏感？（ ）
            选项：
            A： 年金保险
            B： 定期寿险
            C： 两全保险
            D： 健康保险
            从ABCD中选出唯一正确的答案。
            ",以下哪种保险产品的定价对死亡率因素最为敏感？（ ）, 年金保险, 定期寿险, 两全保险, 健康保险,,B
"
            以下是关于保险产品的单项选择题，请直接给出正确答案的选项。
            题目：当保险公司的实际死亡率低于预定死亡率时，会产生（ ）。
            选项：
            A： 死差损
            B： 死差益
            C： 利差益
            D： 费差益
            从ABCD中选出唯一正确的答案。
            ",当保险公司的实际死亡率低于预定死亡率时，会产生（ ）。, 死差损, 死差益, 利差益, 费差益,,B
"
            以下是关于保险产品的单项选择题，请直接给出正确答案的选项。
            题目：保单贷款的逆选择风险主要源于：
            选项：
            A： 保险公司选择高风险客户贷款
            B： 高风险客户更倾向于利用保单贷款获取资金
            C： 低风险客户避免使用保单贷款
            D： 保单贷款利率过低吸引过多客户
            从ABCD中选出唯一正确的答案。
            ",保单贷款的逆选择风险主要源于：, 保险公司选择高风险客户贷款, 高风险客户更倾向于利用保单贷款获取资金, 低风险客户避免使用保单贷款, 保单贷款利率过低吸引过多客户,,B
"
            以下是关于保险产品的单项选择题，请直接给出正确答案的选项。
            题目：在健康险中，对于“先天性疾病”的责任免除，通常的处理方式是：
            选项：
            A： 全部免除赔付责任
            B： 部分免除（如特定先天性疾病除外）
            C： 无任何限制
            D： 双倍赔付
            从ABCD中选出唯一正确的答案。
            ",在健康险中，对于“先天性疾病”的责任免除，通常的处理方式是：, 全部免除赔付责任, 部分免除（如特定先天性疾病除外）, 无任何限制, 双倍赔付,,A
"
            以下是关于保险产品的单项选择题，请直接给出正确答案的选项。
            题目：在健康险合同中，责任免除条款的表述应：
            选项：
            A： 尽可能模糊，以利于保险公司解释
            B： 清晰明确，便于客户理解
            C： 使用专业术语，增加理解难度
            D： 由保险公司单方面决定
            从ABCD中选出唯一正确的答案。
            ",在健康险合同中，责任免除条款的表述应：, 尽可能模糊，以利于保险公司解释, 清晰明确，便于客户理解, 使用专业术语，增加理解难度, 由保险公司单方面决定,,B
"
            以下是关于保险产品的单项选择题，请直接给出正确答案的选项。
            题目：被保险人因在交通事故中被撞击导致重伤。撞击与重伤之间的因果关系是：
            选项：
            A： 直接因果关系
            B： 间接因果关系
            C： 无因果关系
            D： 混合因果关系
            从ABCD中选出唯一正确的答案。
            ",被保险人因在交通事故中被撞击导致重伤。撞击与重伤之间的因果关系是：, 直接因果关系, 间接因果关系, 无因果关系, 混合因果关系,,A
"
            以下是关于保险产品的单项选择题，请直接给出正确答案的选项。
            题目：船舶保险主险通常不包含？
            选项：
            A：船体损失
            B：船员人身伤害
            C：碰撞责任
            D：共同海损分摊
            从ABCD中选出唯一正确的答案。
            ",船舶保险主险通常不包含？,船体损失,船员人身伤害,碰撞责任,共同海损分摊,,B
"
            以下是关于保险产品的单项选择题，请直接给出正确答案的选项。
            题目：动态保费机制下，保费的最低调整周期为？
            选项：
            A： 1天
            B： 1个月
            C： 3个月
            D： 1年
            从ABCD中选出唯一正确的答案。
            ",动态保费机制下，保费的最低调整周期为？, 1天, 1个月, 3个月, 1年,,D
"
            以下是关于保险产品的单项选择题，请直接给出正确答案的选项。
            题目：动态保费机制对驾驶员的激励作用是？
            选项：
            A： 鼓励不良驾驶
            B： 激励安全驾驶
            C： 无影响
            D： 增加驾驶频率
            从ABCD中选出唯一正确的答案。
            ",动态保费机制对驾驶员的激励作用是？, 鼓励不良驾驶, 激励安全驾驶, 无影响, 增加驾驶频率,,B
"
            以下是关于保险产品的单项选择题，请直接给出正确答案的选项。
            题目：以下哪种情况可能影响UBI车险的推广？
            选项：
            A： 驾驶员支持
            B： 隐私担忧
            C： 降低保费
            D： 提高安全性
            从ABCD中选出唯一正确的答案。
            ",以下哪种情况可能影响UBI车险的推广？, 驾驶员支持, 隐私担忧, 降低保费, 提高安全性,,B
"
            以下是关于保险产品的单项选择题，请直接给出正确答案的选项。
            题目：绝对免赔额在车险理赔中的争议主要源于？
            选项：
            A：免赔额计算方式
            B：损失金额接近免赔额时的纠纷
            C：免赔额是否含税
            D：免赔额调整频率
            从ABCD中选出唯一正确的答案。
            ",绝对免赔额在车险理赔中的争议主要源于？,免赔额计算方式,损失金额接近免赔额时的纠纷,免赔额是否含税,免赔额调整频率,,B
"
            以下是关于保险产品的单项选择题，请直接给出正确答案的选项。
            题目：家财险中1万元相对免赔额，损失8000元时保险公司赔付？
            选项：
            A：8000元
            B：0元
            C：7000元
            D：1000元
            从ABCD中选出唯一正确的答案。
            ",家财险中1万元相对免赔额，损失8000元时保险公司赔付？,8000元,0元,7000元,1000元,,B
"
            以下是关于保险产品的单项选择题，请直接给出正确答案的选项。
            题目：某工程险合同约定被保险人承担20%损失，这属于？
            选项：
            A：绝对免赔
            B：相对免赔
            C：损失分担机制
            D：共保条款
            从ABCD中选出唯一正确的答案。
            ",某工程险合同约定被保险人承担20%损失，这属于？,绝对免赔,相对免赔,损失分担机制,共保条款,,C
"
            以下是关于保险产品的单项选择题，请直接给出正确答案的选项。
            题目：设置绝对免赔额的法律依据是？
            选项：
            A：《保险法》第55条
            B：《合同法》第39条
            C：监管部门指导意见
            D：保险公司自主决定
            从ABCD中选出唯一正确的答案。
            ",设置绝对免赔额的法律依据是？,《保险法》第55条,《合同法》第39条,监管部门指导意见,保险公司自主决定,,A
"
            以下是关于保险产品的单项选择题，请直接给出正确答案的选项。
            题目：对于非赔款基础保障，保险合同中通常会明确？
            选项：
            A： 气象触发指标和赔付标准
            B： 仅模糊描述
            C： 无任何具体条款
            D： 仅列出免责条款
            从ABCD中选出唯一正确的答案。
            ",对于非赔款基础保障，保险合同中通常会明确？, 气象触发指标和赔付标准, 仅模糊描述, 无任何具体条款, 仅列出免责条款,,A
"
            以下是关于保险产品的单项选择题，请直接给出正确答案的选项。
            题目：非赔款基础保障的赔付金额通常如何确定？
            选项：
            A： 完全由被保险人决定
            B： 根据预设的赔付标准和气象数据
            C： 由保险公司的随机决定
            D： 仅基于历史赔付数据
            从ABCD中选出唯一正确的答案。
            ",非赔款基础保障的赔付金额通常如何确定？, 完全由被保险人决定, 根据预设的赔付标准和气象数据, 由保险公司的随机决定, 仅基于历史赔付数据,,B
"
            以下是关于保险产品的单项选择题，请直接给出正确答案的选项。
            题目：责任保险是否赔偿法院判定的惩罚性赔偿金？
            选项：
            A：一律赔偿
            B：一律不赔
            C：仅限美国地区保单
            D：需特别约定
            从ABCD中选出唯一正确的答案。
            ",责任保险是否赔偿法院判定的惩罚性赔偿金？,一律赔偿,一律不赔,仅限美国地区保单,需特别约定,,D
"
            以下是关于保险产品的单项选择题，请直接给出正确答案的选项。
            题目：以下哪种情况第三者责任险免赔？
            选项：
            A：对方全责
            B：酒驾肇事
            C：无责方
            D：车辆年检过期
            从ABCD中选出唯一正确的答案。
            ",以下哪种情况第三者责任险免赔？,对方全责,酒驾肇事,无责方,车辆年检过期,,B
"
            以下是关于保险产品的单项选择题，请直接给出正确答案的选项。
            题目：""索赔+事故""混合制保单通常用于？
            选项：
            A：食品行业
            B：医疗器械
            C：建筑材料
            D：电子产品
            从ABCD中选出唯一正确的答案。
            ","""索赔+事故""混合制保单通常用于？",食品行业,医疗器械,建筑材料,电子产品,,B
"
            以下是关于保险产品的单项选择题，请直接给出正确答案的选项。
            题目：PFAS（永久化学品）污染索赔的关键争议是？
            选项：
            A：检测成本
            B：责任追溯期
            C：修复技术
            D：免责条款解释
            从ABCD中选出唯一正确的答案。
            ",PFAS（永久化学品）污染索赔的关键争议是？,检测成本,责任追溯期,修复技术,免责条款解释,,B
"
            以下是关于保险产品的单项选择题，请直接给出正确答案的选项。
            题目：洪水冲垮化工罐导致的污染，是否属于环境责任险范围？
            选项：
            A：是
            B：否
            C：仅赔30%
            D：需特别批单
            从ABCD中选出唯一正确的答案。
            ",洪水冲垮化工罐导致的污染，是否属于环境责任险范围？,是,否,仅赔30%,需特别批单,,A
"
            以下是关于保险产品的单项选择题，请直接给出正确答案的选项。
            题目：企业未取得排污许可证导致的污染，保险公司可能？
            选项：
            A：全额赔偿
            B：比例赔偿
            C：拒赔
            D：赔偿后追偿
            从ABCD中选出唯一正确的答案。
            ",企业未取得排污许可证导致的污染，保险公司可能？,全额赔偿,比例赔偿,拒赔,赔偿后追偿,,C
"
            以下是关于保险产品的单项选择题，请直接给出正确答案的选项。
            题目：采用""经验费率""的主要目的是？
            选项：
            A：简化定价
            B：奖励低风险客户
            C：惩罚高风险客户
            D：平衡市场竞争
            从ABCD中选出唯一正确的答案。
            ","采用""经验费率""的主要目的是？",简化定价,奖励低风险客户,惩罚高风险客户,平衡市场竞争,,B
"你是一名专业的保险从业人员，你可以从选项中选出给定的保险从业资格考试问题中选出最恰当的回答
保险从业资格考试问题是：所谓近因，是指（）
以下哪个选项可以是该问题最恰当的回答？
A.造成损失的最直接、最有效，起主导性作用的原因
B.空间上与损失最接近的原因
C.造成损失的第一个原因
D.时间上与损失最接近的原因
你的输出只能是A、B、C、D四个字母中的一个",所谓近因，是指（）,造成损失的最直接、最有效，起主导性作用的原因,空间上与损失最接近的原因,造成损失的第一个原因,时间上与损失最接近的原因,,A
"你是一名专业的保险从业人员，你可以从选项中选出给定的保险从业资格考试问题中选出最恰当的回答
保险从业资格考试问题是：根据我国《保险法》规定，意外伤害保险属于（）范围。
以下哪个选项可以是该问题最恰当的回答？
A.健康保险
B.财产保险
C.人身保险
D.人寿保险
你的输出只能是A、B、C、D四个字母中的一个",根据我国《保险法》规定，意外伤害保险属于（）范围。,健康保险,财产保险,人身保险,人寿保险,,C
"你是一名专业的保险从业人员，你可以从选项中选出给定的保险从业资格考试问题中选出最恰当的回答
保险从业资格考试问题是：向最终消费者直接销售产品或服务，用于个人及非商业用途的活动属于。（）
以下哪个选项可以是该问题最恰当的回答？
A.批发
B.代理
C.直销
D.零售
你的输出只能是A、B、C、D四个字母中的一个",向最终消费者直接销售产品或服务，用于个人及非商业用途的活动属于。（）,批发,代理,直销,零售,,C
"你是一名专业的保险从业人员，你可以从选项中选出给定的保险从业资格考试问题中选出最恰当的回答
保险从业资格考试问题是：保险合同的主体包括（）
以下哪个选项可以是该问题最恰当的回答？
A.保险合同的保险人和被保险人
B.保险合同的保险人和投保人
C.保险合同的被保险人和受益人
D.保险合同的当事人和关系人
你的输出只能是A、B、C、D四个字母中的一个",保险合同的主体包括（）,保险合同的保险人和被保险人,保险合同的保险人和投保人,保险合同的被保险人和受益人,保险合同的当事人和关系人,,D
"你是一名专业的保险从业人员，你可以从选项中选出给定的保险从业资格考试问题中选出最恰当的回答
保险从业资格考试问题是：根据中国保监会发布的《保险代理从业人员道德指引》，在我国保险代理从业人员职业道德主体部分7个道德原则中包括（）等。
以下哪个选项可以是该问题最恰当的回答？
A.友好合作原则
B.客观公正原则
C.独立执业原则
D.公平竞争原则
你的输出只能是A、B、C、D四个字母中的一个",根据中国保监会发布的《保险代理从业人员道德指引》，在我国保险代理从业人员职业道德主体部分7个道德原则中包括（）等。,友好合作原则,客观公正原则,独立执业原则,公平竞争原则,,D
"你是一名专业的保险从业人员，你可以从选项中选出给定的保险从业资格考试问题中选出最恰当的回答
保险从业资格考试问题是：《保险法》关于保险业务经营主体资格的规定，保险业务的经营主体不包括（）
以下哪个选项可以是该问题最恰当的回答？
A.自保保险公司
B.保险公司
C.银行
D.相互保险公司
你的输出只能是A、B、C、D四个字母中的一个",《保险法》关于保险业务经营主体资格的规定，保险业务的经营主体不包括（）,自保保险公司,保险公司,银行,相互保险公司,,C
"你是一名专业的保险从业人员，你可以从选项中选出给定的保险从业资格考试问题中选出最恰当的回答
保险从业资格考试问题是：一个国家社会保障制度覆盖面越广，提供养老年金越高，则该国国民对商业养老保险的需求表现为（）。
以下哪个选项可以是该问题最恰当的回答？
A.超高
B.跳跃增长
C.稳步增长
D.越低
你的输出只能是A、B、C、D四个字母中的一个",一个国家社会保障制度覆盖面越广，提供养老年金越高，则该国国民对商业养老保险的需求表现为（）。,超高,跳跃增长,稳步增长,越低,,D
"你是一名专业的保险从业人员，你可以从选项中选出给定的保险从业资格考试问题中选出最恰当的回答
保险从业资格考试问题是：保险代理人与保险经纪人的区别之一是代理权限不同。其中，保险代理人的权限是（）。
以下哪个选项可以是该问题最恰当的回答？
A.代理保险人向投保人提供保险咨询服务
B.代理保险人向被保险人提供风险管理服务
C.代理销售保险人的全部保险产品
D.代理销售保险人授权的保险产品
你的输出只能是A、B、C、D四个字母中的一个",保险代理人与保险经纪人的区别之一是代理权限不同。其中，保险代理人的权限是（）。,代理保险人向投保人提供保险咨询服务,代理保险人向被保险人提供风险管理服务,代理销售保险人的全部保险产品,代理销售保险人授权的保险产品,,D
"你是一名专业的保险从业人员，你可以从选项中选出给定的保险从业资格考试问题中选出最恰当的回答
保险从业资格考试问题是：被保险人现象第三者提出索赔，之后就不足部分向保险人索赔的索赔方式是（）
以下哪个选项可以是该问题最恰当的回答？
A.第三者索赔
B.直接责任索赔
C.转位责任索赔
D.间接索赔
你的输出只能是A、B、C、D四个字母中的一个",被保险人现象第三者提出索赔，之后就不足部分向保险人索赔的索赔方式是（）,第三者索赔,直接责任索赔,转位责任索赔,间接索赔,,C
"你是一名专业的保险从业人员，你可以从选项中选出给定的保险从业资格考试问题中选出最恰当的回答
保险从业资格考试问题是：保险代理作为保险中介的重要形式，是沟通保险双方关系的桥梁，是保险市场不可缺少的组成部分保险代理人充当的角色是（）
以下哪个选项可以是该问题最恰当的回答？
A.代理人
B.中间人
C.买方
D.卖方
你的输出只能是A、B、C、D四个字母中的一个",保险代理作为保险中介的重要形式，是沟通保险双方关系的桥梁，是保险市场不可缺少的组成部分保险代理人充当的角色是（）,代理人,中间人,买方,卖方,,B
"你是一名专业的保险从业人员，你可以从选项中选出给定的保险从业资格考试问题中选出最恰当的回答
保险从业资格考试问题是：（）是承保各类工程项目在建设过程中由自然灾害和意外事散造成的物质损失、费用支出和依法应对第三者的人身伤亡或财产损失承担的经济赔偿责任的一种综合性财产保险。
以下哪个选项可以是该问题最恰当的回答？
A.特殊风险保险
B.企业财产保险
C.利润损失保险
D.工程保险
你的输出只能是A、B、C、D四个字母中的一个",（）是承保各类工程项目在建设过程中由自然灾害和意外事散造成的物质损失、费用支出和依法应对第三者的人身伤亡或财产损失承担的经济赔偿责任的一种综合性财产保险。,特殊风险保险,企业财产保险,利润损失保险,工程保险,,D
"你是一名专业的保险从业人员，你可以从选项中选出给定的保险从业资格考试问题中选出最恰当的回答
保险从业资格考试问题是：作为寿险费率和责任准备金计算依据以及寿险成本核算依据的生命表，在寿险精算中的地位是（）
以下哪个选项可以是该问题最恰当的回答？
A.统计数据
B.科学基础
C.技术支持
D.实务指导
你的输出只能是A、B、C、D四个字母中的一个",作为寿险费率和责任准备金计算依据以及寿险成本核算依据的生命表，在寿险精算中的地位是（）,统计数据,科学基础,技术支持,实务指导,,B
"你是一名专业的保险从业人员，你可以从选项中选出给定的保险从业资格考试问题中选出最恰当的回答
保险从业资格考试问题是：保险合同成立与保险合同生效的关系是（）
以下哪个选项可以是该问题最恰当的回答？
A.二者并无实质关系
B.前者是后者的前提条件
C.后者是前者的前提条件
D.二者互为前提条件
你的输出只能是A、B、C、D四个字母中的一个",保险合同成立与保险合同生效的关系是（）,二者并无实质关系,前者是后者的前提条件,后者是前者的前提条件,二者互为前提条件,,D
"你是一名专业的保险从业人员，你可以从选项中选出给定的保险从业资格考试问题中选出最恰当的回答
保险从业资格考试问题是：保险代理从业人员正确处理与客户之间关系的基本准则是（）。
以下哪个选项可以是该问题最恰当的回答？
A.勤勉认真
B.遵纪守法
C.客户至上
D.诚实信用
你的输出只能是A、B、C、D四个字母中的一个",保险代理从业人员正确处理与客户之间关系的基本准则是（）。,勤勉认真,遵纪守法,客户至上,诚实信用,,C
"你是一名专业的保险从业人员，你可以从选项中选出给定的保险从业资格考试问题中选出最恰当的回答
保险从业资格考试问题是：保险公司经营的特殊性决定其资金的运用首先要保证（）。
以下哪个选项可以是该问题最恰当的回答？
A.安全性
B.收益性
C.流动性
D.增值性
你的输出只能是A、B、C、D四个字母中的一个",保险公司经营的特殊性决定其资金的运用首先要保证（）。,安全性,收益性,流动性,增值性,,A
"你是一名专业的保险从业人员，你可以从选项中选出给定的保险从业资格考试问题中选出最恰当的回答
保险从业资格考试问题是：保险责任均自保险单约定的起保日零时起至期满日（）止。
以下哪个选项可以是该问题最恰当的回答？
A.8时
B.12时
C.24时
D.零时
你的输出只能是A、B、C、D四个字母中的一个",保险责任均自保险单约定的起保日零时起至期满日（）止。,8时,12时,24时,零时,,C
"你是一名专业的保险从业人员，你可以从选项中选出给定的保险从业资格考试问题中选出最恰当的回答
保险从业资格考试问题是：王某投保人身意外伤害保险一份，保险金额为50万，保险期限为2001年1月1日至2002年1月1日，且合同规定的责任期限为180天，王某于2001年3月1日遭受意外伤害事故，于2001年6月1日治疗结束，并被鉴定为中度伤残，伤残程度为45%，则被保险人对此事故的理赔意见是（）。
以下哪个选项可以是该问题最恰当的回答？
A.承担保险责任，给付保险金22
B.承担保险责任，给付保险金27
C.承担保险责任，给付保险金50万
D.不承担保险责任，因责任期限未届满
你的输出只能是A、B、C、D四个字母中的一个",王某投保人身意外伤害保险一份，保险金额为50万，保险期限为2001年1月1日至2002年1月1日，且合同规定的责任期限为180天，王某于2001年3月1日遭受意外伤害事故，于2001年6月1日治疗结束，并被鉴定为中度伤残，伤残程度为45%，则被保险人对此事故的理赔意见是（）。,承担保险责任，给付保险金22,承担保险责任，给付保险金27,承担保险责任，给付保险金50万,不承担保险责任，因责任期限未届满,,A
"你是一名专业的保险从业人员，你可以从选项中选出给定的保险从业资格考试问题中选出最恰当的回答
保险从业资格考试问题是：某定期生存保险的被保险人在领取生存保险金时，保险人发现其投保年龄小于实际年龄，按照我国保险法的有关规定，保险人的正确处理方法是（）。
以下哪个选项可以是该问题最恰当的回答？
A.增加保险金给付额
B.收取少交保险费
C.减少保险金给付额
D.退还多收保险费
你的输出只能是A、B、C、D四个字母中的一个",某定期生存保险的被保险人在领取生存保险金时，保险人发现其投保年龄小于实际年龄，按照我国保险法的有关规定，保险人的正确处理方法是（）。,增加保险金给付额,收取少交保险费,减少保险金给付额,退还多收保险费,,C
"你是一名专业的保险从业人员，你可以从选项中选出给定的保险从业资格考试问题中选出最恰当的回答
保险从业资格考试问题是：（）不仅具有保障功能，还具有投资功能。投保人所交付的是保险投资金，按规定保险投资金必须按份购买。
以下哪个选项可以是该问题最恰当的回答？
A.个人贷款抵押房屋保险
B.家庭财产两全保险
C.普通家庭财产保险
D.投资保障型家庭财产保险
你的输出只能是A、B、C、D四个字母中的一个",（）不仅具有保障功能，还具有投资功能。投保人所交付的是保险投资金，按规定保险投资金必须按份购买。,个人贷款抵押房屋保险,家庭财产两全保险,普通家庭财产保险,投资保障型家庭财产保险,,D
"你是一名专业的保险从业人员，你可以从选项中选出给定的保险从业资格考试问题中选出最恰当的回答
保险从业资格考试问题是：保险工营销员申请领取展业证、年审展业证和换发资格证书，应当符合中国保监会规定定的有关（）的条件。
以下哪个选项可以是该问题最恰当的回答？
A.后续教育和上岗培训
B.岗前培训和后续教育
C.岗前培训和上岗教育
D.上岗培训和岗前学习
你的输出只能是A、B、C、D四个字母中的一个",保险工营销员申请领取展业证、年审展业证和换发资格证书，应当符合中国保监会规定定的有关（）的条件。,后续教育和上岗培训,岗前培训和后续教育,岗前培训和上岗教育,上岗培训和岗前学习,,B
"你是一名专业的保险从业人员，你可以从选项中选出给定的保险从业资格考试问题中选出最恰当的回答
保险从业资格考试问题是：由非个人行为引起的风险是（）
以下哪个选项可以是该问题最恰当的回答？
A.特定风险
B.动态风险
C.静态风险
D.基本风险
你的输出只能是A、B、C、D四个字母中的一个",由非个人行为引起的风险是（）,特定风险,动态风险,静态风险,基本风险,,D
"你是一名专业的保险从业人员，你可以从选项中选出给定的保险从业资格考试问题中选出最恰当的回答
保险从业资格考试问题是：某人通过贿赂监考老师等不正当手段取得了资格证书，则除了由中国保监会依法撤销并收回其资格证书，该证书持有人（）内不得向中国保监会申请资格证书。
以下哪个选项可以是该问题最恰当的回答？
A.3年
B.2年
C.1年
D.5年
你的输出只能是A、B、C、D四个字母中的一个",某人通过贿赂监考老师等不正当手段取得了资格证书，则除了由中国保监会依法撤销并收回其资格证书，该证书持有人（）内不得向中国保监会申请资格证书。,3年,2年,1年,5年,,A
"你是一名专业的保险从业人员，你可以从选项中选出给定的保险从业资格考试问题中选出最恰当的回答
保险从业资格考试问题是：溢额再保险分出公司的自付赔款计算公式是（）。
以下哪个选项可以是该问题最恰当的回答？
A.自留额/保险金额×保险赔款
B.分保额/保险金额×保险费
C.自留额/保险金额×保险费
D.分保额/保险金额×保险赔款
你的输出只能是A、B、C、D四个字母中的一个",溢额再保险分出公司的自付赔款计算公式是（）。,自留额/保险金额×保险赔款,分保额/保险金额×保险费,自留额/保险金额×保险费,分保额/保险金额×保险赔款,,A
"你是一名专业的保险从业人员，你可以从选项中选出给定的保险从业资格考试问题中选出最恰当的回答
保险从业资格考试问题是：以下（）不属于风险单位的构成条件。
以下哪个选项可以是该问题最恰当的回答？
A.诱发损失的风险因素
B.遭受损失的法律权益主体
C.财务损失的影响程度不同
D.面临损失的价值
你的输出只能是A、B、C、D四个字母中的一个",以下（）不属于风险单位的构成条件。,诱发损失的风险因素,遭受损失的法律权益主体,财务损失的影响程度不同,面临损失的价值,,A
"你是一名专业的保险从业人员，你可以从选项中选出给定的保险从业资格考试问题中选出最恰当的回答
保险从业资格考试问题是：万能保险的死亡给付分摊是不确定的，而且常常是（）
以下哪个选项可以是该问题最恰当的回答？
A.低于保单预计的最低水平
B.高于保单预计的最高水平
C.高于保单预计的最低水平
D.低于保单预计的最高水平
你的输出只能是A、B、C、D四个字母中的一个",万能保险的死亡给付分摊是不确定的，而且常常是（）,低于保单预计的最低水平,高于保单预计的最高水平,高于保单预计的最低水平,低于保单预计的最高水平,,D
"你是一名专业的保险从业人员，你可以从选项中选出给定的保险从业资格考试问题中选出最恰当的回答
保险从业资格考试问题是：受益人中途可以变更，但若是投保人指定或变更受益人，必须征得（）的同意。
以下哪个选项可以是该问题最恰当的回答？
A.继承人
B.被保险人
C.受益人
D.保险人
你的输出只能是A、B、C、D四个字母中的一个",受益人中途可以变更，但若是投保人指定或变更受益人，必须征得（）的同意。,继承人,被保险人,受益人,保险人,,B
"你是一名专业的保险从业人员，你可以从选项中选出给定的保险从业资格考试问题中选出最恰当的回答
保险从业资格考试问题是：下列说法正确的是（）
以下哪个选项可以是该问题最恰当的回答？
A.船舶国籍证书的有效期为4年
B.船舶本身在诉讼中可以作为被告而被原告起诉
C.根据我国《船舶入级规则》规定，船级证书的有效期为3年
D.船舶是动产，适用动产的法律
你的输出只能是A、B、C、D四个字母中的一个",下列说法正确的是（）,船舶国籍证书的有效期为4年,船舶本身在诉讼中可以作为被告而被原告起诉,根据我国《船舶入级规则》规定，船级证书的有效期为3年,船舶是动产，适用动产的法律,,D
"你是一名专业的保险从业人员，你可以从选项中选出给定的保险从业资格考试问题中选出最恰当的回答
保险从业资格考试问题是：在人身保险合同中，属于人身保险范畴的特定关系人是指（）
以下哪个选项可以是该问题最恰当的回答？
A.投保人
B.受益人
C.保险人
D.被保险人
你的输出只能是A、B、C、D四个字母中的一个",在人身保险合同中，属于人身保险范畴的特定关系人是指（）,投保人,受益人,保险人,被保险人,,B
"你是一名专业的保险从业人员，你可以从选项中选出给定的保险从业资格考试问题中选出最恰当的回答
保险从业资格考试问题是：保险代理从业人员职业道德的基础是（）
以下哪个选项可以是该问题最恰当的回答？
A.公平竞争
B.客户至上
C.诚实信用
D.守法遵规
你的输出只能是A、B、C、D四个字母中的一个",保险代理从业人员职业道德的基础是（）,公平竞争,客户至上,诚实信用,守法遵规,,D
"你是一名专业的保险从业人员，你可以从选项中选出给定的保险从业资格考试问题中选出最恰当的回答
保险从业资格考试问题是：在寿险契约保全服务中，保险人提供的因客户住所变动或其他原因，将保险合同转移到原签单公司以外的其他机构并继续享受保险合同权益、履行合同义务的服务，属于（）
以下哪个选项可以是该问题最恰当的回答？
A.保险关系转移服务
B.续期收费服务
C.行使合同权益服务
D.合同内容变更服务
你的输出只能是A、B、C、D四个字母中的一个",在寿险契约保全服务中，保险人提供的因客户住所变动或其他原因，将保险合同转移到原签单公司以外的其他机构并继续享受保险合同权益、履行合同义务的服务，属于（）,保险关系转移服务,续期收费服务,行使合同权益服务,合同内容变更服务,,A
"你是一名专业的保险从业人员，你可以从选项中选出给定的保险从业资格考试问题中选出最恰当的回答
保险从业资格考试问题是：长期护理保险的特殊条件是（）
以下哪个选项可以是该问题最恰当的回答？
A.不没收价值条款
B.转换条款
C.即存状况条款
D.等待期条款
你的输出只能是A、B、C、D四个字母中的一个",长期护理保险的特殊条件是（）,不没收价值条款,转换条款,即存状况条款,等待期条款,,A
"你是一名专业的保险从业人员，你可以从选项中选出给定的保险从业资格考试问题中选出最恰当的回答
保险从业资格考试问题是：根据《民法通则》的规定，寄存财物丢失或者损毁的诉讼时效期限为（）。
以下哪个选项可以是该问题最恰当的回答？
A.四年
B.一年
C.二十年
D.二年
你的输出只能是A、B、C、D四个字母中的一个",根据《民法通则》的规定，寄存财物丢失或者损毁的诉讼时效期限为（）。,四年,一年,二十年,二年,,B
"你是一名专业的保险从业人员，你可以从选项中选出给定的保险从业资格考试问题中选出最恰当的回答
保险从业资格考试问题是：保险合同成立后，因法定的或约定的事由发生，使合同确定的当事人的权利和义务关系不再继续，这属于（）。
以下哪个选项可以是该问题最恰当的回答？
A.保险合同终止
B.保险合同变更
C.保险合同解除
D.保险合同中止
你的输出只能是A、B、C、D四个字母中的一个",保险合同成立后，因法定的或约定的事由发生，使合同确定的当事人的权利和义务关系不再继续，这属于（）。,保险合同终止,保险合同变更,保险合同解除,保险合同中止,,A
"
            你是一名保险原理与制度领域的专家，你可以判断给定的内容是对还是错。
            内容是：在古巴比伦时代的士兵中曾出现丧葬互助会，该组织用收取的会费作为士兵战死后付给其家属的抚恤费用， 在士兵调职或退役时则发给旅费。
            你是输出只能是""对""或者""错""。
            ",在古巴比伦时代的士兵中曾出现丧葬互助会，该组织用收取的会费作为士兵战死后付给其家属的抚恤费用， 在士兵调职或退役时则发给旅费。,对,错,,,,错
"
            你是一名保险原理与制度领域的专家，你可以判断给定的内容是对还是错。
            内容是：1693年，英国数学家布鲁克·泰勒编制第一张生命表，精确表示了每个年龄的死亡率，提供了寿险精算定价的依据。
            你是输出只能是""对""或者""错""。
            ",1693年，英国数学家布鲁克·泰勒编制第一张生命表，精确表示了每个年龄的死亡率，提供了寿险精算定价的依据。,对,错,,,,错
"
            你是一名保险原理与制度领域的专家，你可以判断给定的内容是对还是错。
            内容是：保险是以分摊的方式，由多数单位和个人缴纳保费建立基金，使少数成员的损失由全体被保险人共同分担。
            你是输出只能是""对""或者""错""。
            ",保险是以分摊的方式，由多数单位和个人缴纳保费建立基金，使少数成员的损失由全体被保险人共同分担。,对,错,,,,对
"
            你是一名保险原理与制度领域的专家，你可以判断给定的内容是对还是错。
            内容是：公元前916年，希腊罗德岛的国王下令将共同海损原则写入《罗地安海商法》，也称为《罗德法》。
            你是输出只能是""对""或者""错""。
            ",公元前916年，希腊罗德岛的国王下令将共同海损原则写入《罗地安海商法》，也称为《罗德法》。,对,错,,,,对
"
            你是一名保险原理与制度领域的专家，你可以判断给定的内容是对还是错。
            内容是：首次产生以人的生命作为保险标的的保险是14世纪，大西洋黑奴贸易中，奴隶贩子把奴隶当作货物进行投保。
            你是输出只能是""对""或者""错""。
            ",首次产生以人的生命作为保险标的的保险是14世纪，大西洋黑奴贸易中，奴隶贩子把奴隶当作货物进行投保。,对,错,,,,错
"
            你是一名保险原理与制度领域的专家，你可以判断给定的内容是对还是错。
            内容是：诚信原则是指保险双方在签订和履行保险合同时，必须保持最大限度的诚意，双方都应恪守信用，互不欺骗和隐瞒，投保人应向保险人如实申报主要危险情况，否则保险合同无效。
            你是输出只能是""对""或者""错""。
            ",诚信原则是指保险双方在签订和履行保险合同时，必须保持最大限度的诚意，双方都应恪守信用，互不欺骗和隐瞒，投保人应向保险人如实申报主要危险情况，否则保险合同无效。,对,错,,,,对
"
            你是一名保险原理与制度领域的专家，你可以判断给定的内容是对还是错。
            内容是：被保险人王某只投保了意外伤害保险，王某骑车被卡车撞倒，造成伤残并住院治疗，在治疗过程中王某因急性心肌梗塞而死亡，其死亡的近因是车祸。因此，保险公司应该赔偿。
            你是输出只能是""对""或者""错""。
            ",被保险人王某只投保了意外伤害保险，王某骑车被卡车撞倒，造成伤残并住院治疗，在治疗过程中王某因急性心肌梗塞而死亡，其死亡的近因是车祸。因此，保险公司应该赔偿。,对,错,,,,错
"
            你是一名保险原理与制度领域的专家，你可以判断给定的内容是对还是错。
            内容是：在保险实务中，投保人不比保险人享有更多的信息，更加不了解保险标的风险的大小。
            你是输出只能是""对""或者""错""。
            ",在保险实务中，投保人不比保险人享有更多的信息，更加不了解保险标的风险的大小。,对,错,,,,错
"
            你是一名保险原理与制度领域的专家，你可以判断给定的内容是对还是错。
            内容是：寿险产品价格主要由三个因素综合计算得到，分别是预定发生率、预定附加费用率和预定利率。
            你是输出只能是""对""或者""错""。
            ",寿险产品价格主要由三个因素综合计算得到，分别是预定发生率、预定附加费用率和预定利率。,对,错,,,,对
"
            你是一名保险原理与制度领域的专家，你可以判断给定的内容是对还是错。
            内容是：通过我们对风险的认知衡量和分析，来选择最有效的一种方式，主动的、有目的的、有计划的来处理风险，是风险管理。
            你是输出只能是""对""或者""错""。
            ",通过我们对风险的认知衡量和分析，来选择最有效的一种方式，主动的、有目的的、有计划的来处理风险，是风险管理。,对,错,,,,对
"
            你是一名保险原理与制度领域的专家，你可以判断给定的内容是对还是错。
            内容是：区块链不可篡改特性可有效解决保险欺诈的重复理赔问题。
            你是输出只能是""对""或者""错""。
            ",区块链不可篡改特性可有效解决保险欺诈的重复理赔问题。,,,,,,对
"
            你是一名保险原理与制度领域的专家，你可以判断给定的内容是对还是错。
            内容是：重置价值条款使被保险人可能获得高于出险时实际价值的赔偿，但仍受保险金额限制。
            你是输出只能是""对""或者""错""。
            ",重置价值条款使被保险人可能获得高于出险时实际价值的赔偿，但仍受保险金额限制。,,,,,,对
"
            你是一名保险原理与制度领域的专家，你可以判断给定的内容是对还是错。
            内容是：再保险合同的签订不影响原保险人对被保险人的赔付责任。
            你是输出只能是""对""或者""错""。
            ",再保险合同的签订不影响原保险人对被保险人的赔付责任。,,,,,,对
"
            你是一名保险原理与制度领域的专家，你可以判断给定的内容是对还是错。
            内容是：保险的社会保障功能完全由政府财政承担。（）
            你是输出只能是""对""或者""错""。
            ",保险的社会保障功能完全由政府财政承担。（）,,,,,,错
"
            你是一名保险原理与制度领域的专家，你可以判断给定的内容是对还是错。
            内容是：商业保险的保障水平普遍低于社会保险。
            你是输出只能是""对""或者""错""。
            ",商业保险的保障水平普遍低于社会保险。,,,,,,错
"
            你是一名保险原理与制度领域的专家，你可以判断给定的内容是对还是错。
            内容是：保险利益原则是保险特有的基本原则。
            你是输出只能是""对""或者""错""。
            ",保险利益原则是保险特有的基本原则。,,,,,,对
"
            你是一名保险原理与制度领域的专家，你可以判断给定的内容是对还是错。
            内容是：仓库被盗后因门锁损坏导致雨水浸泡，近因是盗窃。
            你是输出只能是""对""或者""错""。
            ",仓库被盗后因门锁损坏导致雨水浸泡，近因是盗窃。,,,,,,对
"
            以下是关于保险原理与制度的单项选择题，请直接给出正确答案的选项。
            题目：共同海损分摊原则产生于（）。
            选项：
            A：公元前2000年
            B：公元2000年
            C：公元前200年
            D：公元200年
            从ABCD中选出唯一正确的答案。
            ",共同海损分摊原则产生于（）。,公元前2000年,公元2000年,公元前200年,公元200年,,A
"
            以下是关于保险原理与制度的单项选择题，请直接给出正确答案的选项。
            题目：保险合同生效后，当保险标的发生保险责任范围内的损失时，通过保险赔偿，使被保险人恢复到受损前的经济状态，但不能因损失而获得额外收益。这一原则被称为（ ）。
            选项：
            A：保险利益原则
            B：诚信原则
            C：损失补偿原则
            D：近因原则
            从ABCD中选出唯一正确的答案。
            ",保险合同生效后，当保险标的发生保险责任范围内的损失时，通过保险赔偿，使被保险人恢复到受损前的经济状态，但不能因损失而获得额外收益。这一原则被称为（ ）。,保险利益原则,诚信原则,损失补偿原则,近因原则,,C
"
            以下是关于保险原理与制度的单项选择题，请直接给出正确答案的选项。
            题目：关于投保人不履行如实告知义务的法律后果，下列说法不正确的是（   ）。
            选项：
            A：投保人故意不履行如实告知义务的，保险人对于保险合同解除前发生的保险事故，不承担赔偿或者给付保险金的责任，并不退还保险费
            B：被保险人或者受益人在未发生保险事故的情况下，谎称发生了保险事故，向保险人提出赔偿或者给付保险金的请求的，保险人有权解除保险合同，但需要退还保险费
            C：投保人因过失未履行如实告知义务，对保险事故的发生有一定影响的，保险人对于保险合同解除前发生的保险事故，不承担赔偿或者给付保险金的责任，但可以退还保险费
            D：投保人故意或者因重大过失未履行法定规定的如实告知义务，足以影响保险人决定是否同意承保或者提高保险费率的，保险人有权解除合同。
            从ABCD中选出唯一正确的答案。
            ",关于投保人不履行如实告知义务的法律后果，下列说法不正确的是（   ）。,投保人故意不履行如实告知义务的，保险人对于保险合同解除前发生的保险事故，不承担赔偿或者给付保险金的责任，并不退还保险费,被保险人或者受益人在未发生保险事故的情况下，谎称发生了保险事故，向保险人提出赔偿或者给付保险金的请求的，保险人有权解除保险合同，但需要退还保险费,投保人因过失未履行如实告知义务，对保险事故的发生有一定影响的，保险人对于保险合同解除前发生的保险事故，不承担赔偿或者给付保险金的责任，但可以退还保险费,投保人故意或者因重大过失未履行法定规定的如实告知义务，足以影响保险人决定是否同意承保或者提高保险费率的，保险人有权解除合同。,,B
"
            以下是关于保险原理与制度的单项选择题，请直接给出正确答案的选项。
            题目：因为乘飞机会出空难事故，某人选择不坐飞机，这种风险管理方式是（）。
            选项：
            A：风险回避
            B：风险自留
            C：风险转移
            D：风险评估
            从ABCD中选出唯一正确的答案。
            ",因为乘飞机会出空难事故，某人选择不坐飞机，这种风险管理方式是（）。,风险回避,风险自留,风险转移,风险评估,,A
"
            以下是关于保险原理与制度的单项选择题，请直接给出正确答案的选项。
            题目：企业建立储备基金的风险管理方式是（）。
            选项：
            A：风险回避
            B：风险自留
            C：风险转移
            D：风险评估
            从ABCD中选出唯一正确的答案。
            ",企业建立储备基金的风险管理方式是（）。,风险回避,风险自留,风险转移,风险评估,,B
"
            以下是关于保险原理与制度的单项选择题，请直接给出正确答案的选项。
            题目：2020 年 3 月，国务院将商业车险示范条款的定价权由“审批制”改为“自主定价+回溯监管”。这一改革的核心政策目标是：（）
            选项：
            A：完全放开价格管制
            B：建立以市场为导向的价格形成机制
            C：取消交强险制度
            D：降低商业车险赔付率
            从ABCD中选出唯一正确的答案。
            ",2020 年 3 月，国务院将商业车险示范条款的定价权由“审批制”改为“自主定价+回溯监管”。这一改革的核心政策目标是：（）,完全放开价格管制,建立以市场为导向的价格形成机制,取消交强险制度,降低商业车险赔付率,,B
"
            以下是关于保险原理与制度的单项选择题，请直接给出正确答案的选项。
            题目：在保险运作流程中，“收取保费—承担风险—赔付损失”体现了保险的（ ）。
            选项：
            A：负债经营特征
            B：资产增值特征
            C：中介服务特征
            D：资本密集特征
            从ABCD中选出唯一正确的答案。
            ",在保险运作流程中，“收取保费—承担风险—赔付损失”体现了保险的（ ）。,负债经营特征,资产增值特征,中介服务特征,资本密集特征,,A
"
            以下是关于保险原理与制度的单项选择题，请直接给出正确答案的选项。
            题目：下列关于社会保险基金投资原则的表述正确的是（ ）。
            选项：
            A：以高收益为首要目标
            B：安全、稳健、社会效益优先
            C：完全由市场自由配置
            D：可以无限制进入高风险资产
            从ABCD中选出唯一正确的答案。
            ",下列关于社会保险基金投资原则的表述正确的是（ ）。,以高收益为首要目标,安全、稳健、社会效益优先,完全由市场自由配置,可以无限制进入高风险资产,,B
"            以下是关于保险原理与制度的多项选择题，请直接给出正确答案的选项。
            题目：根据我国《保险法》规定，投保人在投保人身保险时，对下列人员中具有保险利益的是（   ）。
            选项：
            A：A．配偶
            B：B．本人
            C：C．父母、子女
            D：D．同事
            请注意，正确选项一定不止一个，不要进行单选。最终结果只输出选项，不要输出额外信息，选项之间用英文逗号分割。",王某为前妻投保人寿险，离婚后未变更受益人。王某对保单（ ）,仍具有保险利益,丧失保险利益,需法院判定,需保险公司批准,,B
"
            以下是关于保险原理与制度的单项选择题，请直接给出正确答案的选项。
            题目：保险精算的基础是（）。
            选项：
            A：大数法则和概率论
            B：经济学原理
            C：社会学理论
            D：政治学原理
            从ABCD中选出唯一正确的答案。
            ",保险精算的基础是（）。,大数法则和概率论,经济学原理,社会学理论,政治学原理,,A
"
            以下是关于保险原理与制度的单项选择题，请直接给出正确答案的选项。
            题目：保险经济补偿的限度以（ ）为限。
            选项：
            A：保险金额
            B：实际损失
            C：保险利益
            D：以上三者中最低者
            从ABCD中选出唯一正确的答案。
            ",保险经济补偿的限度以（ ）为限。,保险金额,实际损失,保险利益,以上三者中最低者,,D
"
            以下是关于保险原理与制度的单项选择题，请直接给出正确答案的选项。
            题目：下列属于纯粹风险的是（）
            选项：
            A：股票投资亏损
            B：火灾导致财产损失
            C：赌博输钱
            D：新产品市场失败
            从ABCD中选出唯一正确的答案。
            ",下列属于纯粹风险的是（）,股票投资亏损,火灾导致财产损失,赌博输钱,新产品市场失败,,B
"
            以下是关于保险原理与制度的单项选择题，请直接给出正确答案的选项。
            题目：商业保险的保障水平通常（ ）。
            选项：
            A：由法律规定统一标准
            B：根据缴费能力确定
            C：与收入水平挂钩
            D：由政府财政补贴
            从ABCD中选出唯一正确的答案。
            ",商业保险的保障水平通常（ ）。,由法律规定统一标准,根据缴费能力确定,与收入水平挂钩,由政府财政补贴,,B
"
            以下是关于保险原理与制度的单项选择题，请直接给出正确答案的选项。
            题目：保险利益原则的主要作用是（ ）
            选项：
            A：防止赌博行为
            B：降低保险费率
            C：简化理赔程序
            D：增加保险公司利润
            从ABCD中选出唯一正确的答案。
            ",保险利益原则的主要作用是（ ）,防止赌博行为,降低保险费率,简化理赔程序,增加保险公司利润,,A
"
            以下是关于保险原理与制度的多项选择题，请直接给出正确答案的选项。
            题目：下列保险属于保证保险的有（）。
            选项：
            A：忠诚保证保险
            B：合同保证保险
            C：供给保证保险
            D：出口信用保证保险
            请注意，正确选项一定不止一个，不要进行单选。最终结果只输出选项，不要输出额外信息，选项之间用英文逗号分割。
            ",下列保险属于保证保险的有（）。,忠诚保证保险,合同保证保险,供给保证保险,出口信用保证保险,,"A,B,C,D"
"以下是关于保险学的单项选择题，请直接给出正确答案的选项。
题目：保险关系的客体是（）
选项：
A.保险金额
B.保险利益
C.保险标的
D.保险费
从ABCD中选出唯一正确的答案。",保险关系的客体是（）,保险金额,保险利益,保险标的,保险费,,B
"以下是关于保险学的单项选择题，请直接给出正确答案的选项。
题目：默示保证主要表现在（）
选项：
A.海上保险
B.火灾保险
C.责任保险
D.人身保险
从ABCD中选出唯一正确的答案。",默示保证主要表现在（）,海上保险,火灾保险,责任保险,人身保险,,A
"以下是关于保险学的单项选择题，请直接给出正确答案的选项。
题目：变更受益人，是变更保险合同的（）
选项：
A.主体
B.标的
C.客体
D.内容
从ABCD中选出唯一正确的答案。",变更受益人，是变更保险合同的（）,主体,标的,客体,内容,,A
"以下是关于保险学的单项选择题，请直接给出正确答案的选项。
题目：被称为现代保险之父的是（）
选项：
A.本杰明.福兰克林.
B.乔治.勒克维伦
C.尼古拉斯.巴蓬
D.爱德华.劳埃德
从ABCD中选出唯一正确的答案。",被称为现代保险之父的是（）,本杰明.福兰克林.,乔治.勒克维伦,尼古拉斯.巴蓬,爱德华.劳埃德,,C
"以下是关于保险学的单项选择题，请直接给出正确答案的选项。
题目：在大多数国家，汽车保险中的（）属于法定保险。
选项：
A.玻璃破碎险
B.车辆损失险
C.第三者责任险
D.无过错责任险
从ABCD中选出唯一正确的答案。",在大多数国家，汽车保险中的（）属于法定保险。,玻璃破碎险,车辆损失险,第三者责任险,无过错责任险,,C
"以下是关于保险学的单项选择题，请直接给出正确答案的选项。
题目：以被保险人生存或者死亡为给付保险金条件的人身保险是（）
选项：
A.人身意外伤害保险
B.年金保险
C.健康保险
D.人寿保险
从ABCD中选出唯一正确的答案。",以被保险人生存或者死亡为给付保险金条件的人身保险是（）,人身意外伤害保险,年金保险,健康保险,人寿保险,,D
"以下是关于保险学的单项选择题，请直接给出正确答案的选项。
题目：（）是被保险人对过去、现在或将来的某些事项作为或不作为的担保。
选项：
A.告知
B.禁止抗辩
C.弃权
D.保证
从ABCD中选出唯一正确的答案。",（）是被保险人对过去、现在或将来的某些事项作为或不作为的担保。,告知,禁止抗辩,弃权,保证,,D
"以下是关于保险学的单项选择题，请直接给出正确答案的选项。
题目：在保险市场上，大小保险公司并存，少数大公司垄断保险市场，各公司之间同时存在着激烈竞争，保险市场是（）
选项：
A.垄断和竞争型
B.无差异型
C.完全竞争型
D.完全垄断型
从ABCD中选出唯一正确的答案。",在保险市场上，大小保险公司并存，少数大公司垄断保险市场，各公司之间同时存在着激烈竞争，保险市场是（）,垄断和竞争型,无差异型,完全竞争型,完全垄断型,,A
"以下是关于保险学的单项选择题，请直接给出正确答案的选项。
题目：当事人之间因基于不确定的事件取得利益或遭受损失而达成的协议是（）
选项：
A.射幸合同
B.议商合同
C.附合合同
D.有偿合同
从ABCD中选出唯一正确的答案。",当事人之间因基于不确定的事件取得利益或遭受损失而达成的协议是（）,射幸合同,议商合同,附合合同,有偿合同,,A
"以下是关于保险学的单项选择题，请直接给出正确答案的选项。
题目：普通医疗费用保险负责被保险人因疾病或意外伤害支出的（）。
选项：
A.手术医疗费用
B.住院医疗费用
C.门诊医疗费用
D.各种医疗费用
从ABCD中选出唯一正确的答案。",普通医疗费用保险负责被保险人因疾病或意外伤害支出的（）。,手术医疗费用,住院医疗费用,门诊医疗费用,各种医疗费用,,C
"以下是关于保险学的单项选择题，请直接给出正确答案的选项。
题目：我国海洋货物运输保险基本险的保险责任包括一切险和（）
选项：
A.全损险、综合险
B.平安险、水渍险
C.综合险、平安险
D.水渍险、全损险
从ABCD中选出唯一正确的答案。",我国海洋货物运输保险基本险的保险责任包括一切险和（）,全损险、综合险,平安险、水渍险,综合险、平安险,水渍险、全损险,,B
"以下是关于保险学的单项选择题，请直接给出正确答案的选项。
题目：由国家财政或地方财政统一建立的后备基金是（）
选项：
A.保险基金
B.消费基金
C.集中形式的后备基金
D.自保基金
从ABCD中选出唯一正确的答案。",由国家财政或地方财政统一建立的后备基金是（）,保险基金,消费基金,集中形式的后备基金,自保基金,,C
"以下是关于保险学的单项选择题，请直接给出正确答案的选项。
题目：受益人一般出现在（）中
选项：
A.人身保险
B.各种保险
C.责任保险
D.财产保险
从ABCD中选出唯一正确的答案。",受益人一般出现在（）中,人身保险,各种保险,责任保险,财产保险,,A
"以下是关于保险学的单项选择题，请直接给出正确答案的选项。
题目：保险合同当事人按照订立保险合同的真实意思对保险条款进行解释，这说明保险合同当事人遵循的解释原则是（）
选项：
A.有利于被保险人解释原则
B.意图解释原则
C.专业解释原则
D.文义解释原则
从ABCD中选出唯一正确的答案。",保险合同当事人按照订立保险合同的真实意思对保险条款进行解释，这说明保险合同当事人遵循的解释原则是（）,有利于被保险人解释原则,意图解释原则,专业解释原则,文义解释原则,,B
"以下是关于保险学的单项选择题，请直接给出正确答案的选项。
题目：保险条款比较复杂，一般由保险人事先拟定，这就要求保险人说明保险合同主要内容时。要根据（）
选项：
A.协商一致原则
B.最大诚信原则
C.保险利益原则
D.公平互利原则
从ABCD中选出唯一正确的答案。",保险条款比较复杂，一般由保险人事先拟定，这就要求保险人说明保险合同主要内容时。要根据（）,协商一致原则,最大诚信原则,保险利益原则,公平互利原则,,B
"以下是关于保险学的单项选择题，请直接给出正确答案的选项。
题目：人身保险属于（）
选项：
A.定额保险
B.足额保险
C.不足额保险
D.定值保险
从ABCD中选出唯一正确的答案。",人身保险属于（）,定额保险,足额保险,不足额保险,定值保险,,A
"以下是关于保险学的单项选择题，请直接给出正确答案的选项。
题目：影响保险需求总量的诸多因素中与总量成正比关系是（）
选项：
A.价格因素
B.收入因素
C.科学技术因素
D.利率因素
从ABCD中选出唯一正确的答案。",影响保险需求总量的诸多因素中与总量成正比关系是（）,价格因素,收入因素,科学技术因素,利率因素,,D
"以下是关于保险学的单项选择题，请直接给出正确答案的选项。
题目：对第三者的损害承担民事赔偿责任的风险是（）
选项：
A.责任风险
B.人身风险
C.财产风险
D.信用风险
从ABCD中选出唯一正确的答案。",对第三者的损害承担民事赔偿责任的风险是（）,责任风险,人身风险,财产风险,信用风险,,A
"以下是关于保险学的单项选择题，请直接给出正确答案的选项。
题目：受益人在被保险人死亡后领取的保险金，应（）
选项：
A.作为遗产处理
B.在继承人中均分
C.用来清偿死者生前所欠的债务
D.无条件的归受益人所有
从ABCD中选出唯一正确的答案。",受益人在被保险人死亡后领取的保险金，应（）,作为遗产处理,在继承人中均分,用来清偿死者生前所欠的债务,无条件的归受益人所有,,D
"以下是关于保险学的单项选择题，请直接给出正确答案的选项。
题目：权利人因义务人而遭受经济损失的风险是（）
选项：
A.责任风险
B.人身风险
C.信用风险
D.财产风险
从ABCD中选出唯一正确的答案。",权利人因义务人而遭受经济损失的风险是（）,责任风险,人身风险,信用风险,财产风险,,C
"以下是关于保险学的单项选择题，请直接给出正确答案的选项。
题目：社会保障基金是（）
选项：
A.商业形式的保险基金
B.集中形式的保险基金
C.自留形式的保险基金
D.合作形式的保险基金
从ABCD中选出唯一正确的答案。",社会保障基金是（）,商业形式的保险基金,集中形式的保险基金,自留形式的保险基金,合作形式的保险基金,,C
"以下是关于保险学的单项选择题，请直接给出正确答案的选项。
题目：机动车辆保险根据保险车辆驾驶人员在事故中所负的责任施行（）
选项：
A.按比例赔偿
B.按实际损失赔偿
C.相对免赔率
D.绝对免赔率
从ABCD中选出唯一正确的答案。",机动车辆保险根据保险车辆驾驶人员在事故中所负的责任施行（）,按比例赔偿,按实际损失赔偿,相对免赔率,绝对免赔率,,A
"以下是关于保险学的单项选择题，请直接给出正确答案的选项。
题目：海上保险的发源地是（）
选项：
A.葡萄牙
B.英国
C.西班牙
D.意大利
从ABCD中选出唯一正确的答案。",海上保险的发源地是（）,葡萄牙,英国,西班牙,意大利,,D
"以下是关于保险学的单项选择题，请直接给出正确答案的选项。
题目：某批货物以定值保险方式投保，保额为110万元，后该批货物发生部分损失，损失程度为40%，事故发生地货物完好时的市场价值是90万元，则保险公司应赔偿（）
选项：
A.110万元
B.44万元
C.90万元
D.32 万元
从ABCD中选出唯一正确的答案。",某批货物以定值保险方式投保，保额为110万元，后该批货物发生部分损失，损失程度为40%，事故发生地货物完好时的市场价值是90万元，则保险公司应赔偿（）,110万元,44万元,90万元,32 万元,,B
"以下是关于保险学的单项选择题，请直接给出正确答案的选项。
题目：保证保险的被保险人是（）
选项：
A.债权人
B.债务人
C.保证人
D.保险人
从ABCD中选出唯一正确的答案。",保证保险的被保险人是（）,债权人,债务人,保证人,保险人,,C
"以下是关于保险学的单项选择题，请直接给出正确答案的选项。
题目：保险合同纠纷仲裁实行的是（）
选项：
A.两裁终局制度
B.当事人不服仲裁可提起诉讼
C.当事人不服仲裁可请再裁
D.一裁终局制度
从ABCD中选出唯一正确的答案。",保险合同纠纷仲裁实行的是（）,两裁终局制度,当事人不服仲裁可提起诉讼,当事人不服仲裁可请再裁,一裁终局制度,,D
"以下是关于保险学的单项选择题，请直接给出正确答案的选项。
题目：我国《保险法》规定，同一保险人不得同时兼营财产保险业务和人身保险业务。这一经营规则是指（）。
选项：
A.禁止专营
B.禁止联营
C.禁止兼业
D.分业经营
从ABCD中选出唯一正确的答案。",我国《保险法》规定，同一保险人不得同时兼营财产保险业务和人身保险业务。这一经营规则是指（）。,禁止专营,禁止联营,禁止兼业,分业经营,,C
"以下是关于保险学的单项选择题，请直接给出正确答案的选项。
题目：投保人对保险标的应具有（）
选项：
A.合同上承认的利益
B.法律上承认的利益
C.事实上承认的利益
D.经济上承认的利益
从ABCD中选出唯一正确的答案。",投保人对保险标的应具有（）,合同上承认的利益,法律上承认的利益,事实上承认的利益,经济上承认的利益,,B
"以下是关于保险学的单项选择题，请直接给出正确答案的选项。
题目：我国《保险法》关于保险的定义所采用的学说是（）
选项：
A.损失说
B.技术说
C.非损失
D.二元说
从ABCD中选出唯一正确的答案。",我国《保险法》关于保险的定义所采用的学说是（）,损失说,技术说,非损失,二元说,,D
"
            你是一名保险市场与经营领域的专家，你可以判断给定的内容是对还是错。
            内容是：如果客户检查发现乳腺结节，在投保的时候告知乳腺结节，需要提供半年内的相关检查报告用于核保。
            你是输出只能是""对""或者""错""。
            ",如果客户检查发现乳腺结节，在投保的时候告知乳腺结节，需要提供半年内的相关检查报告用于核保。,对,错,,,,对
"
            你是一名保险市场与经营领域的专家，你可以判断给定的内容是对还是错。
            内容是：客户的职业因素也会对健康险的评估产生一定影响，例如办公室文秘职业等，核保人员都会考虑是否进接受承保的范围。
            你是输出只能是""对""或者""错""。
            ",客户的职业因素也会对健康险的评估产生一定影响，例如办公室文秘职业等，核保人员都会考虑是否进接受承保的范围。,对,错,,,,错
"
            你是一名保险市场与经营领域的专家，你可以判断给定的内容是对还是错。
            内容是：保险代理机构是指根据保险公司的委托，向投保人收取佣金，在保险公司授权的范围内专门代为办理保险业务的机构。
            你是输出只能是""对""或者""错""。
            ",保险代理机构是指根据保险公司的委托，向投保人收取佣金，在保险公司授权的范围内专门代为办理保险业务的机构。,对,错,,,,错
"
            以下是关于保险市场与经营的单项选择题，请直接给出正确答案的选项。
            题目：根据我国《保险法》的规定，设立保险公司，其注册资本的最低限额为人民币（）。
            选项：
            A：1亿元
            B：2亿元
            C：5亿元
            D：10亿元
            从ABCD中选出唯一正确的答案。
            ",根据我国《保险法》的规定，设立保险公司，其注册资本的最低限额为人民币（）。,1亿元,2亿元,5亿元,10亿元,,B
"
            以下是关于保险市场与经营的单项选择题，请直接给出正确答案的选项。
            题目：高素质的新保险从业人具有的特质是（）。
            选项：
            A：很好的自我管理和自律能力
            B：欺骗客户
            C：不约束一言一行
            D：唯利是图
            从ABCD中选出唯一正确的答案。
            ",高素质的新保险从业人具有的特质是（）。,很好的自我管理和自律能力,欺骗客户,不约束一言一行,唯利是图,,A
"
            以下是关于保险市场与经营的单项选择题，请直接给出正确答案的选项。
            题目：拓展客户环节最容易忽视的风险是（）。
            选项：
            A：自媒体风险
            B：损失风险
            C：评估损失误差风险
            D：待遇给付风险
            从ABCD中选出唯一正确的答案。
            ",拓展客户环节最容易忽视的风险是（）。,自媒体风险,损失风险,评估损失误差风险,待遇给付风险,,A
"
            以下是关于保险市场与经营的单项选择题，请直接给出正确答案的选项。
            题目：事业型新保险从业人具有的特质是（）。
            选项：
            A：把保险服务视为终身事业
            B：欺骗客户
            C：不约束一言一行
            D：唯利是图
            从ABCD中选出唯一正确的答案。
            ",事业型新保险从业人具有的特质是（）。,把保险服务视为终身事业,欺骗客户,不约束一言一行,唯利是图,,A
"
            以下是关于保险市场与经营的单项选择题，请直接给出正确答案的选项。
            题目：一些对某种风险有同一保障要求的人组成一个集团，当其中某个成员遭受损失时，由其余成员共同分担的组织称为什么？
            选项：
            A：相互保险公司
            B：相互保险社
            C：保险合作社
            D：共同保险公司
            从ABCD中选出唯一正确的答案。
            ",一些对某种风险有同一保障要求的人组成一个集团，当其中某个成员遭受损失时，由其余成员共同分担的组织称为什么？,相互保险公司,相互保险社,保险合作社,共同保险公司,,B
"
            以下是关于保险市场与经营的单项选择题，请直接给出正确答案的选项。
            题目：以下哪种场景最适合应用人工智能技术以辅助保险运营效率提升？
            选项：
            A：市场推广
            B：线下签约
            C：智能理赔图像识别+风险分类建模
            D：价格谈判
            从ABCD中选出唯一正确的答案。
            ",以下哪种场景最适合应用人工智能技术以辅助保险运营效率提升？,市场推广,线下签约,智能理赔图像识别+风险分类建模,价格谈判,,C
"
            以下是关于保险市场与经营的单项选择题，请直接给出正确答案的选项。
            题目：保险公司对其境外分支机构提供担保的限制是？
            选项：
            A：可自由提供担保
            B：需签署反担保协议且担保额≤抵押物价值的60%
            C：禁止任何担保
            D：担保额≤抵押物价值的80%
            从ABCD中选出唯一正确的答案。
            ",保险公司对其境外分支机构提供担保的限制是？,可自由提供担保,需签署反担保协议且担保额≤抵押物价值的60%,禁止任何担保,担保额≤抵押物价值的80%,,B
"
            以下是关于保险市场与经营的单项选择题，请直接给出正确答案的选项。
            题目：关于“控制风险”，以下说法正确的是？
            选项：
            A：因外部市场变化导致的风险
            B：保险行业必然存在的客观风险
            C：因内部管理无效导致固有风险未被识别的风险
            D：无法通过资本要求量化的风险
            从ABCD中选出唯一正确的答案。
            ",关于“控制风险”，以下说法正确的是？,因外部市场变化导致的风险,保险行业必然存在的客观风险,因内部管理无效导致固有风险未被识别的风险,无法通过资本要求量化的风险,,C
"
            以下是关于保险市场与经营的单项选择题，请直接给出正确答案的选项。
            题目：保险资金运用的首要原则是？
            选项：
            A：高收益优先
            B： 短期投机为主
            C：安全性、流动性、收益性统一
            D：集中投资单一领域
            从ABCD中选出唯一正确的答案。
            ",保险资金运用的首要原则是？,高收益优先, 短期投机为主,安全性、流动性、收益性统一,集中投资单一领域,,C
"
            以下是关于保险市场与经营的单项选择题，请直接给出正确答案的选项。
            题目：境外保险类机构发生下列哪项变更需20日内报告保监会？
            选项：
            A：普通员工离职
            B：注册资本重大变化
            C：办公用品采购
            D：季度会议安排
            从ABCD中选出唯一正确的答案。
            ",境外保险类机构发生下列哪项变更需20日内报告保监会？,普通员工离职,注册资本重大变化,办公用品采购,季度会议安排,,B
"
            以下是关于保险市场与经营的单项选择题，请直接给出正确答案的选项。
            题目：对政策性保险业务的税收政策导向是？
            选项：
            A：取消所有税收优惠
            B： 仅减免企业所得税
            C：探索区别对待的税收优惠
            D：仅对外资优惠
            从ABCD中选出唯一正确的答案。
            ",对政策性保险业务的税收政策导向是？,取消所有税收优惠, 仅减免企业所得税,探索区别对待的税收优惠,仅对外资优惠,,C
"
            以下是关于保险市场与经营的单项选择题，请直接给出正确答案的选项。
            题目：“五篇大文章”不包括？
            选项：
            A：投机金融
            B：科技金融
            C：养老金融
            D：绿色金融
            从ABCD中选出唯一正确的答案。
            ",“五篇大文章”不包括？,投机金融,科技金融,养老金融,绿色金融,,A
"
            以下是关于保险市场与经营的单项选择题，请直接给出正确答案的选项。
            题目：保险公司对高风险客户重新识别身份的情形不包括？
            选项：
            A：交易频率异常
            B：先前身份资料完整性存疑
            C：客户拒绝提供受益所有人信息
            D：保费金额超过行业均值
            从ABCD中选出唯一正确的答案。
            ",保险公司对高风险客户重新识别身份的情形不包括？,交易频率异常,先前身份资料完整性存疑,客户拒绝提供受益所有人信息,保费金额超过行业均值,,D
"
            以下是关于保险市场与经营的单项选择题，请直接给出正确答案的选项。
            题目：哪项因素不是潜在市场转化为现实市场的条件？
            选项：
            A：客户投保愿望
            B：客户投保能力
            C：客户能接受高风险
            D：客户具备投保资格
            从ABCD中选出唯一正确的答案。
            ",哪项因素不是潜在市场转化为现实市场的条件？,客户投保愿望,客户投保能力,客户能接受高风险,客户具备投保资格,,C
"
            以下是关于保险市场与经营的单项选择题，请直接给出正确答案的选项。
            题目：再保险在扩大保险公司经营能力方面的作用是什么？
            选项：
            A：通过增加资本金来扩大业务
            B：通过再保险增加自留保费
            C：通过控制自留额扩展承保范围
            D：通过减少赔款提升信誉
            从ABCD中选出唯一正确的答案。
            ",再保险在扩大保险公司经营能力方面的作用是什么？,通过增加资本金来扩大业务,通过再保险增加自留保费,通过控制自留额扩展承保范围,通过减少赔款提升信誉,,C
"
            以下是关于保险市场与经营的单项选择题，请直接给出正确答案的选项。
            题目：成数再保险和溢额再保险都属于哪种再保险类型？
            选项：
            A：非比例再保险
            B：比例再保险
            C：超赔付额再保险
            D：巨灾超赔再保险
            从ABCD中选出唯一正确的答案。
            ",成数再保险和溢额再保险都属于哪种再保险类型？,非比例再保险,比例再保险,超赔付额再保险,巨灾超赔再保险,,B
"
            以下是关于保险市场与经营的单项选择题，请直接给出正确答案的选项。
            题目：设立境外保险类机构的上年末总资产最低要求是？
            选项：
            A：20亿元人民币
            B： 50亿元人民币
            C：150亿元人民币
            D：200亿元人民币
            从ABCD中选出唯一正确的答案。
            ",设立境外保险类机构的上年末总资产最低要求是？,20亿元人民币, 50亿元人民币,150亿元人民币,200亿元人民币,,B
"
            以下是关于保险市场与经营的单项选择题，请直接给出正确答案的选项。
            题目：监管能力建设的核心要求是？
            选项：
            A：宽松监管
            B：减少监管人员
            C：打造政治过硬、能力过硬、作风过硬的监管铁军
            D：依赖机构自查
            从ABCD中选出唯一正确的答案。
            ",监管能力建设的核心要求是？,宽松监管,减少监管人员,打造政治过硬、能力过硬、作风过硬的监管铁军,依赖机构自查,,C
"
            以下是关于保险市场与经营的单项选择题，请直接给出正确答案的选项。
            题目：巨灾再保险不包括什么？
            选项：
            A：地震再保险
            B：风暴再保险
            C：洪水再保险
            D：人身再保险
            从ABCD中选出唯一正确的答案。
            ",巨灾再保险不包括什么？,地震再保险,风暴再保险,洪水再保险,人身再保险,,D
"
            以下是关于保险市场与经营的单项选择题，请直接给出正确答案的选项。
            题目：第三支柱养老保险的发展重点是？
            选项：
            A：限制产品多样性
            B：取消个人养老金产品
            C：仅服务高收入群体
            D：大力发展商业保险年金
            从ABCD中选出唯一正确的答案。
            ",第三支柱养老保险的发展重点是？,限制产品多样性,取消个人养老金产品,仅服务高收入群体,大力发展商业保险年金,,D
"
            以下是关于保险市场与经营的单项选择题，请直接给出正确答案的选项。
            题目：保险市场需求受到哪些因素的影响？
            选项：
            A：风险因素、保险费率、消费者收入
            B：消费者健康状况、保险产品的广告
            C：保险公司的利润、市场的竞争程度
            D：国家政策、保险代理人的数量
            从ABCD中选出唯一正确的答案。
            ",保险市场需求受到哪些因素的影响？,风险因素、保险费率、消费者收入,消费者健康状况、保险产品的广告,保险公司的利润、市场的竞争程度,国家政策、保险代理人的数量,,A
"
            以下是关于保险市场与经营的单项选择题，请直接给出正确答案的选项。
            题目：保险客户线上投保体验的核心指标不包括？
            选项：
            A：操作便捷性
            B：响应速度
            C：页面风格
            D：理赔审核速度
            从ABCD中选出唯一正确的答案。
            ",保险客户线上投保体验的核心指标不包括？,操作便捷性,响应速度,页面风格,理赔审核速度,,D
"
            以下是关于保险市场与经营的单项选择题，请直接给出正确答案的选项。
            题目：自由竞争型保险市场的特征不包括什么？
            选项：
            A：政府有较强的扶持政策发挥作用
            B：保险商品交易完全自由
            C：价值规律和市场供求规律充分
            D：保险市场上存在数量众多的保险人
            从ABCD中选出唯一正确的答案。
            ",自由竞争型保险市场的特征不包括什么？,政府有较强的扶持政策发挥作用,保险商品交易完全自由,价值规律和市场供求规律充分,保险市场上存在数量众多的保险人,,A
"
            以下是关于保险市场与经营的单项选择题，请直接给出正确答案的选项。
            题目：在财产险中推广“安全生产标准化”制度属于？
            选项：
            A：信息披露
            B：展业规范
            C：防灾防损手段
            D：承保优惠
            从ABCD中选出唯一正确的答案。
            ",在财产险中推广“安全生产标准化”制度属于？,信息披露,展业规范,防灾防损手段,承保优惠,,C
"
            以下是关于保险市场与经营的单项选择题，请直接给出正确答案的选项。
            题目：保险公司内部控制的核心目标是？
            选项：
            A：压低赔付
            B：增加客户
            C：保障经营合规与风险防控
            D：提高市场份额
            从ABCD中选出唯一正确的答案。
            ",保险公司内部控制的核心目标是？,压低赔付,增加客户,保障经营合规与风险防控,提高市场份额,,C
"
            以下是关于保险市场与经营的单项选择题，请直接给出正确答案的选项。
            题目：IFRS 17下，保险合同收入确认的核心原则是？
            选项：
            A：提供保险服务期间
            B：保费收取时点
            C：理赔发生时点
            D：合同签订时点
            从ABCD中选出唯一正确的答案。
            ",IFRS 17下，保险合同收入确认的核心原则是？,提供保险服务期间,保费收取时点,理赔发生时点,合同签订时点,,A
"
            以下是关于保险市场与经营的多项选择题，请直接给出正确答案的选项。
            题目：国家启动了保险监管的顶层设计和体系化建设工作后，保险监管工作的趋势有（）。
            选项：
            A：更加系统化
            B：放松监管
            C：保险业监管向更为严格的银行监管靠拢
            D：使行业中“小、乱、差”机构无所遁形
            请注意，正确选项一定不止一个，不要进行单选。最终结果只输出选项，不要输出额外信息，选项之间用英文逗号分割。
            ",国家启动了保险监管的顶层设计和体系化建设工作后，保险监管工作的趋势有（）。,更加系统化,放松监管,保险业监管向更为严格的银行监管靠拢,使行业中“小、乱、差”机构无所遁形,,"A,C,D"
"
            你是一名保险法领域的专家，你可以判断给定的内容是对还是错。
            内容是：我国《保险法》规定：投保人不得为无民事行为能力人投保以死亡为给付保险金条件的人身保险，保险人也不得承保。父母为其未成年子女投保的人身保险，不受前款规定限制。但是，因被保险人死亡给付的保险金总和不得超过保险监督管理机构规定的限额。
            你是输出只能是""对""或者""错""。
            ",我国《保险法》规定：投保人不得为无民事行为能力人投保以死亡为给付保险金条件的人身保险，保险人也不得承保。父母为其未成年子女投保的人身保险，不受前款规定限制。但是，因被保险人死亡给付的保险金总和不得超过保险监督管理机构规定的限额。,对,错,,,,对
"
            你是一名保险法领域的专家，你可以判断给定的内容是对还是错。
            内容是：《保险保障基金管理办法》规定，被依法撤销或者依法实施破产的保险公司的清算资产不足以偿付人寿保险合同保单利益的，保险保障基金向保单受让公司提供救助。如果保单持有人为机构，救助金额以转让后保单利益不超过转让前保单利益的90％为限。
            你是输出只能是""对""或者""错""。
            ",《保险保障基金管理办法》规定，被依法撤销或者依法实施破产的保险公司的清算资产不足以偿付人寿保险合同保单利益的，保险保障基金向保单受让公司提供救助。如果保单持有人为机构，救助金额以转让后保单利益不超过转让前保单利益的90％为限。,对,错,,,,错
"
            你是一名保险法领域的专家，你可以判断给定的内容是对还是错。
            内容是：重疾险属于赔付固定数额的保险，当被保险人确诊患有保险责任范围内的疾病时，保险公司直接按照合同中事先约定的理赔金额给付。
            你是输出只能是""对""或者""错""。
            ",重疾险属于赔付固定数额的保险，当被保险人确诊患有保险责任范围内的疾病时，保险公司直接按照合同中事先约定的理赔金额给付。,对,错,,,,对
"
            你是一名保险法领域的专家，你可以判断给定的内容是对还是错。
            内容是：投保人因某种原因未按人身保险合同中的约定时间交付保险费，则从保险公司催告之日起，超出30天未交付当期保险费，或者超过约定的期限60天，依然未交付保险费，保险合同效力中止。
            你是输出只能是""对""或者""错""。
            ",投保人因某种原因未按人身保险合同中的约定时间交付保险费，则从保险公司催告之日起，超出30天未交付当期保险费，或者超过约定的期限60天，依然未交付保险费，保险合同效力中止。,对,错,,,,错
"
            你是一名保险法领域的专家，你可以判断给定的内容是对还是错。
            内容是：整顿过程中，被整顿保险公司的原有业务继续进行。但是，国务院保险监督管理机构可以责令被整顿公司停止部分原有业务、停止接受新业务，调整资金运用。
            你是输出只能是""对""或者""错""。
            ",整顿过程中，被整顿保险公司的原有业务继续进行。但是，国务院保险监督管理机构可以责令被整顿公司停止部分原有业务、停止接受新业务，调整资金运用。,对,错,,,,对
"
            以下是关于保险法的单项选择题，请直接给出正确答案的选项。
            题目：在人身保险合同具有现金价值的情况下，投保人可以按合同当时的现金价值扣除欠费及利息、借款及利息后的余额，作为一次交清的全部保险费，以相同的合同条件减少保额，合同继续有效，此种处理方法是：
            选项：
            A：减额交清
            B：减保
            C：退保
            D：垫交保费
            从ABCD中选出唯一正确的答案。
            ",在人身保险合同具有现金价值的情况下，投保人可以按合同当时的现金价值扣除欠费及利息、借款及利息后的余额，作为一次交清的全部保险费，以相同的合同条件减少保额，合同继续有效，此种处理方法是：,减额交清,减保,退保,垫交保费,,A
"
            以下是关于保险法的单项选择题，请直接给出正确答案的选项。
            题目：重疾险中，若被保险人因同一疾病原因、同次医疗行为或同次意外伤害事故，被确诊首次患主险合同定义的两种或两种以上的轻症疾病，则保险人（）。
            选项：
            A：仅按一种轻症给付轻症疾病保险金
            B：按二种轻症给付轻症疾病保险金
            C：将给付中症疾病保险金
            D：给付重大疾病保险金
            从ABCD中选出唯一正确的答案。
            ",重疾险中，若被保险人因同一疾病原因、同次医疗行为或同次意外伤害事故，被确诊首次患主险合同定义的两种或两种以上的轻症疾病，则保险人（）。,仅按一种轻症给付轻症疾病保险金,按二种轻症给付轻症疾病保险金,将给付中症疾病保险金,给付重大疾病保险金,,A
"
            以下是关于保险法的单项选择题，请直接给出正确答案的选项。
            题目：下列关于保险合同转让的说法，正确的是（）
            选项：
            A：财产保险合同可自由转让
            B：人身保险合同转让需经保险人同意
            C：保险合同转让即变更受益人
            D：保险合同转让无需通知保险人
            从ABCD中选出唯一正确的答案。
            ",下列关于保险合同转让的说法，正确的是（）,财产保险合同可自由转让,人身保险合同转让需经保险人同意,保险合同转让即变更受益人,保险合同转让无需通知保险人,,B
"
            以下是关于保险法的单项选择题，请直接给出正确答案的选项。
            题目：下列关于保险合同复效的说法，正确的是（）
            选项：
            A：复效无需补交保费
            B：复效后自杀条款重新计算期间
            C：复效仅需保险人同意
            D：中止超过 1 年不得复效
            从ABCD中选出唯一正确的答案。
            ",下列关于保险合同复效的说法，正确的是（）,复效无需补交保费,复效后自杀条款重新计算期间,复效仅需保险人同意,中止超过 1 年不得复效,,B
"
            以下是关于保险法的单项选择题，请直接给出正确答案的选项。
            题目：投保人故意未履行如实告知义务，保险人解除合同的权利（）
            选项：
            A：自知道事由之日起 2 年内不行使则消灭
            B：自合同成立之日起 2 年内不行使则消灭
            C：不受时间限制
            D：自损失发生之日起 2 年内不行使则消灭
            从ABCD中选出唯一正确的答案。
            ",投保人故意未履行如实告知义务，保险人解除合同的权利（）,自知道事由之日起 2 年内不行使则消灭,自合同成立之日起 2 年内不行使则消灭,不受时间限制,自损失发生之日起 2 年内不行使则消灭,,A
"
            以下是关于保险法的单项选择题，请直接给出正确答案的选项。
            题目：投保人故意制造保险事故，保险人（）
            选项：
            A：解除合同，不退还保费
            B：解除合同，退还保费
            C：不解除合同，不赔付
            D：不解除合同，减少赔付
            从ABCD中选出唯一正确的答案。
            ",投保人故意制造保险事故，保险人（）,解除合同，不退还保费,解除合同，退还保费,不解除合同，不赔付,不解除合同，减少赔付,,A
"
            以下是关于保险法的单项选择题，请直接给出正确答案的选项。
            题目：保险合同复效后，其效力（）
            选项：
            A：从复效日起算
            B：追溯到原合同生效日
            C：从申请日复效起算
            D：从保险人同意日起算
            从ABCD中选出唯一正确的答案。
            ",保险合同复效后，其效力（）,从复效日起算,追溯到原合同生效日,从申请日复效起算,从保险人同意日起算,,B
"
            以下是关于保险法的单项选择题，请直接给出正确答案的选项。
            题目：下列属于保险合同特征的是（）
            选项：
            A：双务有偿合同
            B：实践合同
            C：要式合同
            D：单务合同
            从ABCD中选出唯一正确的答案。
            ",下列属于保险合同特征的是（）,双务有偿合同,实践合同,要式合同,单务合同,,A
"
            以下是关于保险法的单项选择题，请直接给出正确答案的选项。
            题目：保险合同的双务性与一般双务合同的区别在于（）
            选项：
            A：双方义务同时履行
            B：保险人义务的履行具有不确定性
            C：投保人义务可随意免除
            D：保险人义务必然履行
            从ABCD中选出唯一正确的答案。
            ",保险合同的双务性与一般双务合同的区别在于（）,双方义务同时履行,保险人义务的履行具有不确定性,投保人义务可随意免除,保险人义务必然履行,,B
"
            以下是关于保险法的单项选择题，请直接给出正确答案的选项。
            题目：下列关于保险合同与一般合同区别的说法，错误的是（）
            选项：
            A：保险合同是射幸合同，一般合同多为确定性合同
            B：保险合同是最大诚信合同，一般合同诚信要求较低
            C：保险合同是单务合同，一般合同多为双务合同
            D：保险合同是附合合同，一般合同多为协商订立
            从ABCD中选出唯一正确的答案。
            ",下列关于保险合同与一般合同区别的说法，错误的是（）,保险合同是射幸合同，一般合同多为确定性合同,保险合同是最大诚信合同，一般合同诚信要求较低,保险合同是单务合同，一般合同多为双务合同,保险合同是附合合同，一般合同多为协商订立,,C
"
            以下是关于保险法的单项选择题，请直接给出正确答案的选项。
            题目：保险合同的诺成性意味着（）
            选项：
            A：需实际交付保险标的才成立
            B：双方意思表示一致即成立
            C：需缴纳保费后才成立
            D：需签发保单后才成立
            从ABCD中选出唯一正确的答案。
            ",保险合同的诺成性意味着（）,需实际交付保险标的才成立,双方意思表示一致即成立,需缴纳保费后才成立,需签发保单后才成立,,B
"
            以下是关于保险法的单项选择题，请直接给出正确答案的选项。
            题目：下列关于保险要约的说法，正确的是（）
            选项：
            A：保险要约只能由投保人发出
            B：保险要约可以撤销
            C：保险要约一旦发出即生效
            D：保险要约必须是书面形式
            从ABCD中选出唯一正确的答案。
            ",下列关于保险要约的说法，正确的是（）,保险要约只能由投保人发出,保险要约可以撤销,保险要约一旦发出即生效,保险要约必须是书面形式,,A
"
            以下是关于保险法的单项选择题，请直接给出正确答案的选项。
            题目：在财产保险中，保费的支付通常（）
            选项：
            A：是合同生效的前提
            B：不影响合同生效
            C：必须一次性支付
            D：可由受益人支付
            从ABCD中选出唯一正确的答案。
            ",在财产保险中，保费的支付通常（）,是合同生效的前提,不影响合同生效,必须一次性支付,可由受益人支付,,B
"
            以下是关于保险法的单项选择题，请直接给出正确答案的选项。
            题目：保险合同成立的时间是（）
            选项：
            A：投保人缴纳保费时
            B：保险人签发保单时
            C：保险人同意承保时
            D：保险单送达投保人时
            从ABCD中选出唯一正确的答案。
            ",保险合同成立的时间是（）,投保人缴纳保费时,保险人签发保单时,保险人同意承保时,保险单送达投保人时,,C
"
            以下是关于保险法的单项选择题，请直接给出正确答案的选项。
            题目：在人身保险中，首期保费的支付通常（）
            选项：
            A：是合同生效的前提
            B：不影响合同生效
            C：可由保险人豁免
            D：与合同效力无关
            从ABCD中选出唯一正确的答案。
            ",在人身保险中，首期保费的支付通常（）,是合同生效的前提,不影响合同生效,可由保险人豁免,与合同效力无关,,A
"
            以下是关于保险法的单项选择题，请直接给出正确答案的选项。
            题目：在财产保险合同中，下列关于被保险人的说法，错误的是（）
            选项：
            A：被保险人必须对保险标的具有可保利益
            B：被保险人可以是法人
            C：被保险人变更需经保险人同意
            D：被保险人只能是一人
            从ABCD中选出唯一正确的答案。
            ",在财产保险合同中，下列关于被保险人的说法，错误的是（）,被保险人必须对保险标的具有可保利益,被保险人可以是法人,被保险人变更需经保险人同意,被保险人只能是一人,,D
"
            以下是关于保险法的单项选择题，请直接给出正确答案的选项。
            题目：被保险人的权利包括（）
            选项：
            A：收取保费
            B：变更保险条款
            C：请求赔付保险金
            D：解除保险合同
            从ABCD中选出唯一正确的答案。
            ",被保险人的权利包括（）,收取保费,变更保险条款,请求赔付保险金,解除保险合同,,C
"
            以下是关于保险法的单项选择题，请直接给出正确答案的选项。
            题目：被保险人必须具备的条件是（）
            选项：
            A：支付保险费
            B：与投保人一致
            C：对保险标的具有保险利益
            D：是自然人
            从ABCD中选出唯一正确的答案。
            ",被保险人必须具备的条件是（）,支付保险费,与投保人一致,对保险标的具有保险利益,是自然人,,C
"
            以下是关于保险法的单项选择题，请直接给出正确答案的选项。
            题目：下列保险合同中，属于补偿性合同的是（）
            选项：
            A：定期寿险合同
            B：终身寿险合同
            C：健康保险合同中的医疗费用保险合同
            D：意外伤害保险合同中的死亡给付合同
            从ABCD中选出唯一正确的答案。
            ",下列保险合同中，属于补偿性合同的是（）,定期寿险合同,终身寿险合同,健康保险合同中的医疗费用保险合同,意外伤害保险合同中的死亡给付合同,,C
"
            以下是关于保险法的单项选择题，请直接给出正确答案的选项。
            题目：在不足额保险合同中，保险人的赔偿方式通常是（）
            选项：
            A：按保险金额全额赔偿
            B：按实际损失全额赔偿
            C：按保险金额与保险价值的比例赔偿
            D：不承担赔偿责任
            从ABCD中选出唯一正确的答案。
            ",在不足额保险合同中，保险人的赔偿方式通常是（）,按保险金额全额赔偿,按实际损失全额赔偿,按保险金额与保险价值的比例赔偿,不承担赔偿责任,,C
"
            以下是关于保险法的单项选择题，请直接给出正确答案的选项。
            题目：重复保险中，各保险人的赔偿金额总和（）
            选项：
            A：不得超过保险金额总和
            B：不得超过保险价值
            C：等于实际损失
            D：由投保人选择确定
            从ABCD中选出唯一正确的答案。
            ",重复保险中，各保险人的赔偿金额总和（）,不得超过保险金额总和,不得超过保险价值,等于实际损失,由投保人选择确定,,B
"
            以下是关于保险法的单项选择题，请直接给出正确答案的选项。
            题目：下列关于超额保险合同的说法，正确的是（）
            选项：
            A：超额部分无效，保险人按实际价值赔付
            B：超额部分有效，保险人按保险金额赔付
            C：超额保险合同整体无效
            D：超额保险合同可撤销
            从ABCD中选出唯一正确的答案。
            ",下列关于超额保险合同的说法，正确的是（）,超额部分无效，保险人按实际价值赔付,超额部分有效，保险人按保险金额赔付,超额保险合同整体无效,超额保险合同可撤销,,A
"
            以下是关于保险法的单项选择题，请直接给出正确答案的选项。
            题目：按照承保方式分类，保险合同可分为（）
            选项：
            A：财产保险合同和人身保险合同
            B：原保险合同和再保险合同
            C：定值保险合同和不定值保险合同
            D：自愿保险合同和强制保险合同
            从ABCD中选出唯一正确的答案。
            ",按照承保方式分类，保险合同可分为（）,财产保险合同和人身保险合同,原保险合同和再保险合同,定值保险合同和不定值保险合同,自愿保险合同和强制保险合同,,B
"
            以下是关于保险法的单项选择题，请直接给出正确答案的选项。
            题目：定值保险合同适用于（）
            选项：
            A：价值稳定的标的
            B：价值易于确定的标的
            C：价值波动大的标的
            D：普通商品
            从ABCD中选出唯一正确的答案。
            ",定值保险合同适用于（）,价值稳定的标的,价值易于确定的标的,价值波动大的标的,普通商品,,C
"
            以下是关于保险法的单项选择题，请直接给出正确答案的选项。
            题目：足额保险合同中，保险金额与保险价值的关系是（）
            选项：
            A：保险金额大于保险价值
            B：保险金额等于保险价值
            C：保险金额小于保险价值
            D：无关
            从ABCD中选出唯一正确的答案。
            ",足额保险合同中，保险金额与保险价值的关系是（）,保险金额大于保险价值,保险金额等于保险价值,保险金额小于保险价值,无关,,B
"
            以下是关于保险法的单项选择题，请直接给出正确答案的选项。
            题目：保险合同解释中，文义解释的关键是（）
            选项：
            A：结合合同目的
            B：按条款字面含义
            C：有利于被保险人
            D：参考行业惯例
            从ABCD中选出唯一正确的答案。
            ",保险合同解释中，文义解释的关键是（）,结合合同目的,按条款字面含义,有利于被保险人,参考行业惯例,,B
"
            以下是关于保险法的单项选择题，请直接给出正确答案的选项。
            题目：当保险合同的附加条款与基本条款冲突时，应以（）为准
            选项：
            A：基本条款
            B：附加条款
            C：保险人解释
            D：被保险人解释
            从ABCD中选出唯一正确的答案。
            ",当保险合同的附加条款与基本条款冲突时，应以（）为准,基本条款,附加条款,保险人解释,被保险人解释,,B
"
            以下是关于保险法的单项选择题，请直接给出正确答案的选项。
            题目：保险合同中，当不同条款冲突时，通常的优先顺序是（）
            选项：
            A：手写条款优于打印条款
            B：打印条款优于手写条款
            C：基本条款优于附加条款
            D：旧条款优于新条款
            从ABCD中选出唯一正确的答案。
            ",保险合同中，当不同条款冲突时，通常的优先顺序是（）,手写条款优于打印条款,打印条款优于手写条款,基本条款优于附加条款,旧条款优于新条款,,A
"
            以下是关于保险法的单项选择题，请直接给出正确答案的选项。
            题目：暂保单的有效期通常为（）
            选项：
            A：15 天
            B：30 天
            C：60 天
            D：90 天
            从ABCD中选出唯一正确的答案。
            ",暂保单的有效期通常为（）,15 天,30 天,60 天,90 天,,B
"
            以下是关于保险法的单项选择题，请直接给出正确答案的选项。
            题目：保险合同中的 “定义条款” 用于（）
            选项：
            A：规定赔付方式
            B：解释合同中特定术语
            C：限制被保险人权利
            D：明确保险期间
            从ABCD中选出唯一正确的答案。
            ",保险合同中的 “定义条款” 用于（）,规定赔付方式,解释合同中特定术语,限制被保险人权利,明确保险期间,,B
"
            以下是关于保险法的单项选择题，请直接给出正确答案的选项。
            题目：保险合同条款解释的首要原则是（）
            选项：
            A：疑义利益解释
            B：文义解释
            C：目的解释
            D：体系解释
            从ABCD中选出唯一正确的答案。
            ",保险合同条款解释的首要原则是（）,疑义利益解释,文义解释,目的解释,体系解释,,B
"
            以下是关于保险精算的单项选择题，请直接给出正确答案的选项。
            题目：对于一份被保险金额为 $100{,}000$、投保年龄为 $30$ 岁的完全离散型 20 年期两全保险，已知： \begin{enumerate}[label=(\roman*)] \item 贴现率 $d = 0.05$； \item 各年初应付的费用如下表所示： \begin{center} \begin{tabular}{l|cc|cc} \toprule & \multicolumn{2}{c|}{首年} & \multicolumn{2}{c}{续保年度} \\ \cmidrule{2-5} & 保费比例 & 每份保单 & 保费比例 & 每份保单 \\ \midrule 税费 & 4\% & 0 & 4\% & 0 \\ 销售佣金 & 35\% & 0 & 2\% & 0 \\ 保单维护 & 0\% & 250 & 0\% & 50 \\ \bottomrule \end{tabular} \end{center} \item 纯保费为 2143。 \end{enumerate} 请根据等价原理计算毛保费。
            选项：
            A：2410
            B：2530
            C：2800
            D：3130
            E：3280
            从ABCDE中选出唯一正确的答案。
            ","对于一份被保险金额为 $100{,}000$、投保年龄为 $30$ 岁的完全离散型 20 年期两全保险，已知： \begin{enumerate}[label=(\roman*)] \item 贴现率 $d = 0.05$； \item 各年初应付的费用如下表所示： \begin{center} \begin{tabular}{l|cc|cc} \toprule & \multicolumn{2}{c|}{首年} & \multicolumn{2}{c}{续保年度} \\ \cmidrule{2-5} & 保费比例 & 每份保单 & 保费比例 & 每份保单 \\ \midrule 税费 & 4\% & 0 & 4\% & 0 \\ 销售佣金 & 35\% & 0 & 2\% & 0 \\ 保单维护 & 0\% & 250 & 0\% & 50 \\ \bottomrule \end{tabular} \end{center} \item 纯保费为 2143。 \end{enumerate} 请根据等价原理计算毛保费。",2410,2530,2800,3130,3280,A
"
            以下是关于保险精算的单项选择题，请直接给出正确答案的选项。
            题目：给定以下条件：某一般责任险组合包含 2500 名被保险人。 \begin{enumerate}[label=(\roman*)] \item \(X_i = \sum_{j=1}^{N_i} Y_{ij}\) 表示第 \(i\) 个被保险人的年度损失； \item \(N_1, N_2, \dots, N_{2500}\) 相互独立且同分布，服从参数为 \(r=2\)、\(\beta=0.2\) 的负二项分布； \item \(Y_{i1}, Y_{i2}, \dots, Y_{iN_i}\) 相互独立且同分布，服从参数为 \(\alpha=3\)、\(\theta=1000\) 的帕累托分布； \item 完全可信度标准要求总损失在 90\% 的概率下与期望总损失的差距不超过 5\%。 \end{enumerate} 使用有限波动可信度理论，计算该业务年度损失经验的部分可信度。
            选项：
            A：0.34
            B：0.42
            C：0.47
            D：0.50
            E：0.53
            从ABCDE中选出唯一正确的答案。
            ","给定以下条件：某一般责任险组合包含 2500 名被保险人。 \begin{enumerate}[label=(\roman*)] \item \(X_i = \sum_{j=1}^{N_i} Y_{ij}\) 表示第 \(i\) 个被保险人的年度损失； \item \(N_1, N_2, \dots, N_{2500}\) 相互独立且同分布，服从参数为 \(r=2\)、\(\beta=0.2\) 的负二项分布； \item \(Y_{i1}, Y_{i2}, \dots, Y_{iN_i}\) 相互独立且同分布，服从参数为 \(\alpha=3\)、\(\theta=1000\) 的帕累托分布； \item 完全可信度标准要求总损失在 90\% 的概率下与期望总损失的差距不超过 5\%。 \end{enumerate} 使用有限波动可信度理论，计算该业务年度损失经验的部分可信度。",0.34,0.42,0.47,0.50,0.53,C
"
            以下是关于保险精算的单项选择题，请直接给出正确答案的选项。
            题目：已知一保险公司向 \(x\) 岁的吸烟者 (S) 和非吸烟者 (NS) 销售特殊的完全离散两年期生存保险并附带满期给付，给出以下信息： \begin{enumerate}[label=(\roman*)] \item 身故给付为 100,000 元；满期给付为 30,000 元； \item 非吸烟者保单的水平年保费按等价原则确定； \item 吸烟者保单的年保费为非吸烟者年保费的 2 倍； \item 非吸烟者的死亡强度 \(\mu^{\rm NS}_{x+t}=0.1\)，\(t>0\)； \item 吸烟者的年度死亡率 \(\qx{x+k}[S]=1.5\,\qx{x+k}[NS]\)，\(k=0,1\)； \item 年利率 \(i=0.08\)。 \end{enumerate} 计算吸烟者保单签发时亏损现值随机变量的期望值。
            选项：
            A：\(-30{,}000\)
            B：\(-29{,}000\)
            C：\(-28{,}000\)
            D：\(-27{,}000\)
            E：\(-26{,}000\)
            从ABCDE中选出唯一正确的答案。
            ","已知一保险公司向 \(x\) 岁的吸烟者 (S) 和非吸烟者 (NS) 销售特殊的完全离散两年期生存保险并附带满期给付，给出以下信息： \begin{enumerate}[label=(\roman*)] \item 身故给付为 100,000 元；满期给付为 30,000 元； \item 非吸烟者保单的水平年保费按等价原则确定； \item 吸烟者保单的年保费为非吸烟者年保费的 2 倍； \item 非吸烟者的死亡强度 \(\mu^{\rm NS}_{x+t}=0.1\)，\(t>0\)； \item 吸烟者的年度死亡率 \(\qx{x+k}[S]=1.5\,\qx{x+k}[NS]\)，\(k=0,1\)； \item 年利率 \(i=0.08\)。 \end{enumerate} 计算吸烟者保单签发时亏损现值随机变量的期望值。","\(-30{,}000\)","\(-29{,}000\)","\(-28{,}000\)","\(-27{,}000\)","\(-26{,}000\)",A
"
            以下是关于保险精算的单项选择题，请直接给出正确答案的选项。
            题目：某医疗保险公司有如下信息： \begin{enumerate}[label=(\roman*)] \item 某新产品的损失假设服从对数正态分布，其参数为 $\mu=6$ 和 $\sigma=1.5$； \item 该新产品设有逐次损失免赔额，使得损失消除比率为 0.33。 \end{enumerate} 在经过五年的经验回顾后，确定： \begin{enumerate}[label=(\roman*)] \item 实际上该产品的损失服从指数分布； \item 该指数分布的初始均值与对数正态假设下的初始均值相同； \item 自产品推出以来，其期望损失值以年复合增长率 4\% 增长； \item 为了达到相同的损失消除比率，所需的逐次损失免赔额为 $d$。 \end{enumerate} 计算 $d$。
            选项：
            A：605
            B：659
            C：722
            D：775
            E：852
            从ABCDE中选出唯一正确的答案。
            ",某医疗保险公司有如下信息： \begin{enumerate}[label=(\roman*)] \item 某新产品的损失假设服从对数正态分布，其参数为 $\mu=6$ 和 $\sigma=1.5$； \item 该新产品设有逐次损失免赔额，使得损失消除比率为 0.33。 \end{enumerate} 在经过五年的经验回顾后，确定： \begin{enumerate}[label=(\roman*)] \item 实际上该产品的损失服从指数分布； \item 该指数分布的初始均值与对数正态假设下的初始均值相同； \item 自产品推出以来，其期望损失值以年复合增长率 4\% 增长； \item 为了达到相同的损失消除比率，所需的逐次损失免赔额为 $d$。 \end{enumerate} 计算 $d$。,605,659,722,775,852,A
"
            以下是关于保险精算的单项选择题，请直接给出正确答案的选项。
            题目：某保单组合的总损失建模如下： \begin{enumerate}[label=(\roman*)] \item 在任何保险责任修改前，索赔次数服从均值为 \(\lambda\) 的泊松分布； \item 在任何保险责任修改前，每次索赔金额在区间 \([0, b]\) 上服从均匀分布。 \end{enumerate} 保险人希望模拟施加普通免赔额 \(d\) （\(0 < d < b\)），且对超过免赔额的部分仅赔付比例 \(c\) （\(0 < c \leq 1\)）的效果。 假设这些责任修改不会影响损失分布。 保险人使用修改后的频率与严重度分布建模索赔。修改后的单次索赔金额在区间 \([0, c(b-d)]\) 上服从均匀分布。 确定修改后频率分布的均值。
            选项：
            A：\(\lambda\)
            B：\(\lambda c\)
            C：\(\lambda \dfrac{d}{b}\)
            D：\(\lambda \dfrac{b-d}{b}\)
            E：\(\lambda c \dfrac{b-d}{b}\)
            从ABCDE中选出唯一正确的答案。
            ","某保单组合的总损失建模如下： \begin{enumerate}[label=(\roman*)] \item 在任何保险责任修改前，索赔次数服从均值为 \(\lambda\) 的泊松分布； \item 在任何保险责任修改前，每次索赔金额在区间 \([0, b]\) 上服从均匀分布。 \end{enumerate} 保险人希望模拟施加普通免赔额 \(d\) （\(0 < d < b\)），且对超过免赔额的部分仅赔付比例 \(c\) （\(0 < c \leq 1\)）的效果。 假设这些责任修改不会影响损失分布。 保险人使用修改后的频率与严重度分布建模索赔。修改后的单次索赔金额在区间 \([0, c(b-d)]\) 上服从均匀分布。 确定修改后频率分布的均值。",\(\lambda\),\(\lambda c\),\(\lambda \dfrac{d}{b}\),\(\lambda \dfrac{b-d}{b}\),\(\lambda c \dfrac{b-d}{b}\),D
"
            以下是关于保险精算的单项选择题，请直接给出正确答案的选项。
            题目：一家保险公司使用以下信息来制定新费率： \begin{enumerate}[label=(\roman*)] \item 预计损失成本每年以 7\% 的年有效率增长； \item 下表给出了两个保单年度的损失成本数据及其对应的权重： \[ \begin{array}{|c|c|c|} \hline 保单年度 & 损失成本 & 权重 \\ \hline PY3 & 600 & 1-p \\ PY4 & 670 & p \\ \hline \end{array} \] \item 新费率将于 CY9 年 4 月 1 日起对一年期保单生效，并持续一年。 \end{enumerate} 预计的预期损失成本为 951。 计算 $p$。
            选项：
            A：0.089
            B：0.119
            C：0.567
            D：0.881
            E：0.911
            从ABCDE中选出唯一正确的答案。
            ",一家保险公司使用以下信息来制定新费率： \begin{enumerate}[label=(\roman*)] \item 预计损失成本每年以 7\% 的年有效率增长； \item 下表给出了两个保单年度的损失成本数据及其对应的权重： \[ \begin{array}{|c|c|c|} \hline 保单年度 & 损失成本 & 权重 \\ \hline PY3 & 600 & 1-p \\ PY4 & 670 & p \\ \hline \end{array} \] \item 新费率将于 CY9 年 4 月 1 日起对一年期保单生效，并持续一年。 \end{enumerate} 预计的预期损失成本为 951。 计算 $p$。,0.089,0.119,0.567,0.881,0.911,D
"
            以下是关于保险精算的单项选择题，请直接给出正确答案的选项。
            题目：某建筑公司工伤赔偿的索赔情况如下： \begin{enumerate}[label=(\roman*)] \item 年度索赔次数服从均值为 20 的泊松分布； \item 索赔金额 $X$ 服从对数正态分布，参数为 $\mu = 4.2$ 和 $\sigma = 1.1$； \item 公司对每笔索赔仅保留前 500； \item 年度留存赔款总额近似服从正态分布； \item 已知 $\mathbb{E}\!\left[\,(X \wedge 500)^2\,\right] = 26{,}189$。 \end{enumerate} 确定留存赔款总额分布的第 90 个百分位数。
            选项：
            A：少于 2900
            B：至少 2900，但少于 3100
            C：至少 3100，但少于 3300
            D：至少 3300，但少于 3500
            E：至少 3500
            从ABCDE中选出唯一正确的答案。
            ","某建筑公司工伤赔偿的索赔情况如下： \begin{enumerate}[label=(\roman*)] \item 年度索赔次数服从均值为 20 的泊松分布； \item 索赔金额 $X$ 服从对数正态分布，参数为 $\mu = 4.2$ 和 $\sigma = 1.1$； \item 公司对每笔索赔仅保留前 500； \item 年度留存赔款总额近似服从正态分布； \item 已知 $\mathbb{E}\!\left[\,(X \wedge 500)^2\,\right] = 26{,}189$。 \end{enumerate} 确定留存赔款总额分布的第 90 个百分位数。",少于 2900,至少 2900，但少于 3100,至少 3100，但少于 3300,至少 3300，但少于 3500,至少 3500,C
"
            以下是关于保险精算的单项选择题，请直接给出正确答案的选项。
            题目：已知： \begin{enumerate}[label=(\roman*)] \item 以下选拔表（选拔期1年）摘录： \[ \begin{array}{c|cccc} x & \lx{[x]} & \dx{[x]} & \lx{x+1} & x+1 \\\hline 65 & 1000 & 40 & - & 66\\ 66 & 955 & 45 & - & 67 \end{array} \] \item 在各年龄年度内，死亡在一年中均匀分布。 \item \(\eringx{[65]}=15.0\)。 \end{enumerate} 计算 \(\eringx{[66]}\)。
            选项：
            A：14.9
            B：14.7
            C：14.3
            D：14.5
            E：14.1
            从ABCDE中选出唯一正确的答案。
            ",已知： \begin{enumerate}[label=(\roman*)] \item 以下选拔表（选拔期1年）摘录： \[ \begin{array}{c|cccc} x & \lx{[x]} & \dx{[x]} & \lx{x+1} & x+1 \\\hline 65 & 1000 & 40 & - & 66\\ 66 & 955 & 45 & - & 67 \end{array} \] \item 在各年龄年度内，死亡在一年中均匀分布。 \item \(\eringx{[65]}=15.0\)。 \end{enumerate} 计算 \(\eringx{[66]}\)。,14.9,14.7,14.3,14.5,14.1,B
"
            以下是关于保险精算的单项选择题，请直接给出正确答案的选项。
            题目：已知对一份以 \((x)\) 岁为准的完全连续终身寿险，亏损现值随机变量如下定义： \begin{enumerate}[label=(\roman*)] \item 若按等价原则确定保费率，则亏损现值随机变量记为 \(L\)； \item 若按固定保费率 0.06 确定保费，则亏损现值随机变量记为 \(L^*\)； \item 年利率折现率 \(\delta = 0.07\)； \item \(\Ax*{x} = 0.30\)； \item \(\mathrm{Var}(L) = 0.18\)。 \end{enumerate} 计算 \(\mathrm{Var}(L^*)\)。
            选项：
            A：0.18
            B：0.21
            C：0.24
            D：0.27
            E：0.30
            从ABCDE中选出唯一正确的答案。
            ",已知对一份以 \((x)\) 岁为准的完全连续终身寿险，亏损现值随机变量如下定义： \begin{enumerate}[label=(\roman*)] \item 若按等价原则确定保费率，则亏损现值随机变量记为 \(L\)； \item 若按固定保费率 0.06 确定保费，则亏损现值随机变量记为 \(L^*\)； \item 年利率折现率 \(\delta = 0.07\)； \item \(\Ax*{x} = 0.30\)； \item \(\mathrm{Var}(L) = 0.18\)。 \end{enumerate} 计算 \(\mathrm{Var}(L^*)\)。,0.18,0.21,0.24,0.27,0.30,E
"
            以下是关于保险精算的单项选择题，请直接给出正确答案的选项。
            题目：对于一份针对 \(40\) 岁被保险人的特殊终身寿险，面额 100{,}000，已知： \begin{enumerate}[label=(\roman*)] \item 死亡给付于死亡时一次性支付； \item 等额年缴保费每月支付，最长期限为 20 年； \item 死亡率采用标准终极寿命表； \item 年利率 \(i=0.05\)； \item 死亡在每一年龄年度内假设均匀分布； \item 初始费用为 200； \item 后续年度费用为每次保费的 4\%，包括第一年； \item 保费通过偿付公平原则确定。 \end{enumerate} 计算该保险的月度毛保费。
            选项：
            A：66
            B：76
            C：86
            D：96
            E：106
            从ABCDE中选出唯一正确的答案。
            ","对于一份针对 \(40\) 岁被保险人的特殊终身寿险，面额 100{,}000，已知： \begin{enumerate}[label=(\roman*)] \item 死亡给付于死亡时一次性支付； \item 等额年缴保费每月支付，最长期限为 20 年； \item 死亡率采用标准终极寿命表； \item 年利率 \(i=0.05\)； \item 死亡在每一年龄年度内假设均匀分布； \item 初始费用为 200； \item 后续年度费用为每次保费的 4\%，包括第一年； \item 保费通过偿付公平原则确定。 \end{enumerate} 计算该保险的月度毛保费。",66,76,86,96,106,C
"
            以下是关于保险精算的单项选择题，请直接给出正确答案的选项。
            题目：对于一份在45岁时签发的面额100{,}000的全离散终身寿险，已知： \begin{enumerate}[label=(\roman*)] \item 死亡率遵循标准终极寿命表； \item 年利率 \(i=0.05\)； \item 首年佣金费用为毛保费的60%，续年佣金为毛保费的2\%； \item 管理费用为首年500，续年每年50； \item 所有费用均在每年年初支付； \item 按偿付公平原则计算的年缴毛保费为977.60。 \end{enumerate} 计算该保险在第5年末的费用保单价值 \(\actsymb[5]{V}{}[e]\)。
            选项：
            A：\(-1\,070\)
            B：\(-1\,020\)
            C：\(-970\)
            D：\(-920\)
            E：\(-870\)
            从ABCDE中选出唯一正确的答案。
            ","对于一份在45岁时签发的面额100{,}000的全离散终身寿险，已知： \begin{enumerate}[label=(\roman*)] \item 死亡率遵循标准终极寿命表； \item 年利率 \(i=0.05\)； \item 首年佣金费用为毛保费的60%，续年佣金为毛保费的2\%； \item 管理费用为首年500，续年每年50； \item 所有费用均在每年年初支付； \item 按偿付公平原则计算的年缴毛保费为977.60。 \end{enumerate} 计算该保险在第5年末的费用保单价值 \(\actsymb[5]{V}{}[e]\)。","\(-1\,070\)","\(-1\,020\)",\(-970\),\(-920\),\(-870\),C
"
            以下是关于保险精算的单项选择题，请直接给出正确答案的选项。
            题目：对于一种特殊的整付式终身寿险，已知： \begin{enumerate}[label=(\roman*)] \item 在第 \(k\) 个保单年度身故时，身故给付为 \(1000\,(1.03)^k\)，其中 \(k=1,2,3,\dots\)； \item \(\qx{x} = 0.05\)； \item 年利率 \(i = 0.06\)； \item \(\ax**{x+1} = 7.00\)； \item 该保险在 \(x\) 岁时的年交净保费为 110。 \end{enumerate} 计算该保险在 \(x+1\) 岁时的年交净保费。
            选项：
            A：110
            B：112
            C：116
            D：120
            E：122
            从ABCDE中选出唯一正确的答案。
            ","对于一种特殊的整付式终身寿险，已知： \begin{enumerate}[label=(\roman*)] \item 在第 \(k\) 个保单年度身故时，身故给付为 \(1000\,(1.03)^k\)，其中 \(k=1,2,3,\dots\)； \item \(\qx{x} = 0.05\)； \item 年利率 \(i = 0.06\)； \item \(\ax**{x+1} = 7.00\)； \item 该保险在 \(x\) 岁时的年交净保费为 110。 \end{enumerate} 计算该保险在 \(x+1\) 岁时的年交净保费。",110,112,116,120,122,C
"
            以下是关于保险精算的单项选择题，请直接给出正确答案的选项。
            题目：对于一份面额为100{,}000的全连续终身寿险保单，承保对象为(35)，已知： \begin{enumerate}[label=(\roman*)] \item 新生儿未来寿命的密度函数 \[ f(t)= \begin{cases} 0.01e^{-0.01t}, & 0 \le t < 70,\\ g(t), & t\ge 70; \end{cases} \] \item 连续贴现率 \(\delta=0.05\)； \item \(\Ax*{70}=0.51791\)。 \end{enumerate} 计算该保单的年度净保费率。
            选项：
            A：\(1000\)
            B：\(1110\)
            C：\(1220\)
            D：\(1330\)
            E：\(1440\)
            从ABCDE中选出唯一正确的答案。
            ","对于一份面额为100{,}000的全连续终身寿险保单，承保对象为(35)，已知： \begin{enumerate}[label=(\roman*)] \item 新生儿未来寿命的密度函数 \[ f(t)= \begin{cases} 0.01e^{-0.01t}, & 0 \le t < 70,\\ g(t), & t\ge 70; \end{cases} \] \item 连续贴现率 \(\delta=0.05\)； \item \(\Ax*{70}=0.51791\)。 \end{enumerate} 计算该保单的年度净保费率。",\(1000\),\(1110\),\(1220\),\(1330\),\(1440\),D
"
            以下是关于保险精算的单项选择题，请直接给出正确答案的选项。
            题目：科学家正在为某疾病寻找疫苗。已知： \begin{itemize} \item 年龄为 \(x\) 的100,000 名个体暴露于该疾病； \item 未来的寿命相互独立，但如果疫苗可用，则会在第一年末对所有个体接种； \item 疫苗可用的概率为0.2； \item 在第一年中，每个体的死亡率 \(\qx{x} = 0.02\)； \item 在第二年中，如果已接种疫苗，则死亡率 \(\qx{x+1} = 0.01\)；否则 \(\qx{x+1} = 0.02\)。 \end{itemize} 计算第2年末幸存者人数的标准差。
            选项：
            A：200
            B：400
            C：100
            D：500
            E：300
            从ABCDE中选出唯一正确的答案。
            ","科学家正在为某疾病寻找疫苗。已知： \begin{itemize} \item 年龄为 \(x\) 的100,000 名个体暴露于该疾病； \item 未来的寿命相互独立，但如果疫苗可用，则会在第一年末对所有个体接种； \item 疫苗可用的概率为0.2； \item 在第一年中，每个体的死亡率 \(\qx{x} = 0.02\)； \item 在第二年中，如果已接种疫苗，则死亡率 \(\qx{x+1} = 0.01\)；否则 \(\qx{x+1} = 0.02\)。 \end{itemize} 计算第2年末幸存者人数的标准差。",200,400,100,500,300,D
"
            以下是关于保险精算的单项选择题，请直接给出正确答案的选项。
            题目：对于一份特殊的全离散10付费、10年递延、55岁时开始给付的终身年金——每年给付1{,}000，若在前10年内身故，则退还已缴保费且不计利息。已知： \begin{enumerate}[label=(\roman*)] \item 年净保费为水平保费； \item 死亡率遵循标准终极寿命表； \item 年利率 \(i=0.05\)； \item \(\IA_{\term{55}{10}}=0.14743\)。 \end{enumerate} 计算第9年末的净保费保单价值 \(\actsymb[9]{V}{}\)。
            选项：
            A：11{,}540
            B：11{,}650
            C：11{,}760
            D：11{,}870
            E：11{,}980
            从ABCDE中选出唯一正确的答案。
            ","对于一份特殊的全离散10付费、10年递延、55岁时开始给付的终身年金——每年给付1{,}000，若在前10年内身故，则退还已缴保费且不计利息。已知： \begin{enumerate}[label=(\roman*)] \item 年净保费为水平保费； \item 死亡率遵循标准终极寿命表； \item 年利率 \(i=0.05\)； \item \(\IA_{\term{55}{10}}=0.14743\)。 \end{enumerate} 计算第9年末的净保费保单价值 \(\actsymb[9]{V}{}\)。","11{,}540","11{,}650","11{,}760","11{,}870","11{,}980",D
"
            以下是关于保险精算的单项选择题，请直接给出正确答案的选项。
            题目：已知针对50岁被保险人的面额1、完全离散终身寿险，年纯保费 \(P\) 按下列条件计算： \begin{enumerate}[label=(\roman*)] \item \(\qx{50}=0.0048\)； \item 年利率 \(i=0.04\)； \item \(\Ax{51}=0.39788\)。 \end{enumerate} 现有一被保险人，其第一年死亡率为用于计算 \(P\) 时所用死亡率的10倍，其余年份死亡率与定价时相同。 基于保费 \(P\)，计算该被保险人签发时亏损现值随机变量的期望值。
            选项：
            A：0.025
            B：0.033
            C：0.041
            D：0.049
            E：0.057
            从ABCDE中选出唯一正确的答案。
            ",已知针对50岁被保险人的面额1、完全离散终身寿险，年纯保费 \(P\) 按下列条件计算： \begin{enumerate}[label=(\roman*)] \item \(\qx{50}=0.0048\)； \item 年利率 \(i=0.04\)； \item \(\Ax{51}=0.39788\)。 \end{enumerate} 现有一被保险人，其第一年死亡率为用于计算 \(P\) 时所用死亡率的10倍，其余年份死亡率与定价时相同。 基于保费 \(P\)，计算该被保险人签发时亏损现值随机变量的期望值。,0.025,0.033,0.041,0.049,0.057,C
"
            以下是关于保险精算的单项选择题，请直接给出正确答案的选项。
            题目：一家保险公司销售有效期为一年的保单，其生效日期均匀分布。 已发生的费率变动如下表所示： \[ \begin{array}{|c|c|} \hline 日期 & 费率变动 \\ \hline CY1\ 年\ 6\ 月\ 1\ 日 & +10\% \\ CY2\ 年\ 8\ 月\ 1\ 日 & r \\ \hline \end{array} \] 目前的费率水平为 CY2 年 8 月 1 日设定的水平。 在当前费率下，CY2 年的已赚保费是 CY2 年已赚保费的 1.03 倍。 计算 $r$。
            选项：
            A：1.7\%
            B：2.4\%
            C：3.3\%
            D：5.3\%
            E：7.5\%
            从ABCDE中选出唯一正确的答案。
            ",一家保险公司销售有效期为一年的保单，其生效日期均匀分布。 已发生的费率变动如下表所示： \[ \begin{array}{|c|c|} \hline 日期 & 费率变动 \\ \hline CY1\ 年\ 6\ 月\ 1\ 日 & +10\% \\ CY2\ 年\ 8\ 月\ 1\ 日 & r \\ \hline \end{array} \] 目前的费率水平为 CY2 年 8 月 1 日设定的水平。 在当前费率下，CY2 年的已赚保费是 CY2 年已赚保费的 1.03 倍。 计算 $r$。,1.7\%,2.4\%,3.3\%,5.3\%,7.5\%,B
"
            以下是关于保险精算的单项选择题，请直接给出正确答案的选项。
            题目：你拥有一家灯泡工厂。由于工人们有点笨拙，他们经常摔坏装有灯泡的箱子。每个箱子里灯泡的数量不一，一旦掉落，整个箱子都会毁坏。 已知： \begin{itemize} \item 每月预计掉落的箱子数：50 \item 每月掉落箱子数的方差：100 \item 每个箱子的期望价值：200 \item 每个箱子价值的方差：400 \end{itemize} 如果一个月内损毁灯泡的价值少于 8{,}000，你将向员工支付奖金。 假设相互独立，并使用正态近似，计算你在下个月支付员工奖金的概率。
            选项：
            A：0.16
            B：0.19
            C：0.23
            D：0.27
            E：0.31
            从ABCDE中选出唯一正确的答案。
            ","你拥有一家灯泡工厂。由于工人们有点笨拙，他们经常摔坏装有灯泡的箱子。每个箱子里灯泡的数量不一，一旦掉落，整个箱子都会毁坏。 已知： \begin{itemize} \item 每月预计掉落的箱子数：50 \item 每月掉落箱子数的方差：100 \item 每个箱子的期望价值：200 \item 每个箱子价值的方差：400 \end{itemize} 如果一个月内损毁灯泡的价值少于 8{,}000，你将向员工支付奖金。 假设相互独立，并使用正态近似，计算你在下个月支付员工奖金的概率。",0.16,0.19,0.23,0.27,0.31,A
"
            以下是关于保险精算的单项选择题，请直接给出正确答案的选项。
            题目：2017年7月15日，XYZ 公司为其 10{,}000 名 35 岁员工购买面额 1{,}000 的全离散终身寿险，并使用死亡给付部分来支付后续一年的保费。已知： \begin{enumerate}[label=(\roman*)] \item 死亡率采用标准终极寿命表； \item 年利率 \(i=0.05\)； \item 保险按照偿付公平原则定价。 \end{enumerate} 计算 XYZ 公司在 2018 年 7 月期间，这批保单的预期净现金流。
            选项：
            A：\(-47{,}000\)
            B：\(-48{,}000\)
            C：\(-49{,}000\)
            D：\(-50{,}000\)
            E：\(-51{,}000\)
            从ABCDE中选出唯一正确的答案。
            ","2017年7月15日，XYZ 公司为其 10{,}000 名 35 岁员工购买面额 1{,}000 的全离散终身寿险，并使用死亡给付部分来支付后续一年的保费。已知： \begin{enumerate}[label=(\roman*)] \item 死亡率采用标准终极寿命表； \item 年利率 \(i=0.05\)； \item 保险按照偿付公平原则定价。 \end{enumerate} 计算 XYZ 公司在 2018 年 7 月期间，这批保单的预期净现金流。","\(-47{,}000\)","\(-48{,}000\)","\(-49{,}000\)","\(-50{,}000\)","\(-51{,}000\)",A
"
            以下是关于保险精算的单项选择题，请直接给出正确答案的选项。
            题目：已知对一份以\((40)\)岁为准的特殊完全离散20年期生存保险（endowment insurance），具有以下条款： \begin{enumerate}[label=(\roman*)] \item 唯一的身故给付是退还已缴纳的年纯保费的累积值（按5%利率累积至身故年末）； \item 生存给付为100,000元； \item 死亡率遵循标准终极生命表； \item 年利率 \(i=0.05\)。 \end{enumerate} 计算该保单的年纯保费。
            选项：
            A：2,680
            B：2,780
            C：2,880
            D：2,980
            E：3,080
            从ABCDE中选出唯一正确的答案。
            ","已知对一份以\((40)\)岁为准的特殊完全离散20年期生存保险（endowment insurance），具有以下条款： \begin{enumerate}[label=(\roman*)] \item 唯一的身故给付是退还已缴纳的年纯保费的累积值（按5%利率累积至身故年末）； \item 生存给付为100,000元； \item 死亡率遵循标准终极生命表； \item 年利率 \(i=0.05\)。 \end{enumerate} 计算该保单的年纯保费。","2,680","2,780","2,880","2,980","3,080",C
"
            以下是关于保险精算的单项选择题，请直接给出正确答案的选项。
            题目：对于一种特殊的整付式两年期定期寿险（被保险人年龄为 \(x\)），已知： \begin{enumerate}[label=(\roman*)] \item \(\qx{x} = 0.01\)； \item \(\qx{x+1} = 0.02\)； \item 年利率 \(i = 0.05\)； \item 第一年身故给付为 100{,}000； \item 在第二年，给付和保费均按 1\% 增加。 \end{enumerate} 计算第一年应交的年交净保费。
            选项：
            A：1410
            B：1417
            C：1424
            D：1431
            E：1438
            从ABCDE中选出唯一正确的答案。
            ","对于一种特殊的整付式两年期定期寿险（被保险人年龄为 \(x\)），已知： \begin{enumerate}[label=(\roman*)] \item \(\qx{x} = 0.01\)； \item \(\qx{x+1} = 0.02\)； \item 年利率 \(i = 0.05\)； \item 第一年身故给付为 100{,}000； \item 在第二年，给付和保费均按 1\% 增加。 \end{enumerate} 计算第一年应交的年交净保费。",1410,1417,1424,1431,1438,B
"
            以下是关于保险精算的单项选择题，请直接给出正确答案的选项。
            题目：对于一个集体风险模型： \begin{enumerate}[label=(\roman*)] \item 索赔次数服从均值为 $\lambda=2$ 的泊松分布。 \item 个别索赔的共同分布如下： \[ \begin{array}{c|c} x & f_X(x) \\ \hline 1 & 0.6 \\ 2 & 0.4 \\ \end{array} \] \end{enumerate} 某保险对总索赔进行赔付，设有免赔额 3。 计算该保险的期望总赔付。
            选项：
            A：0.74
            B：0.79
            C：0.84
            D：0.89
            E：0.94
            从ABCDE中选出唯一正确的答案。
            ",对于一个集体风险模型： \begin{enumerate}[label=(\roman*)] \item 索赔次数服从均值为 $\lambda=2$ 的泊松分布。 \item 个别索赔的共同分布如下： \[ \begin{array}{c|c} x & f_X(x) \\ \hline 1 & 0.6 \\ 2 & 0.4 \\ \end{array} \] \end{enumerate} 某保险对总索赔进行赔付，设有免赔额 3。 计算该保险的期望总赔付。,0.74,0.79,0.84,0.89,0.94,A
"
            以下是关于保险精算的单项选择题，请直接给出正确答案的选项。
            题目：对40岁被保险人的一份特殊全额离散式终身寿险，已知： \begin{enumerate}[label=(\roman*)] \item 头20年内身故给付50{,}000元，20年后给付100{,}000元； \item 等额净保费875元，支付20年； \item 死亡率遵循标准终极寿表； \item 年利率 $i=0.05$。 \end{enumerate} 计算该保险在第10年末的净保单价值 \(\actsymb[10]{V}{}\)。
            选项：
            A：11{,}090
            B：11{,}120
            C：11{,}150
            D：11{,}180
            E：11{,}210
            从ABCDE中选出唯一正确的答案。
            ","对40岁被保险人的一份特殊全额离散式终身寿险，已知： \begin{enumerate}[label=(\roman*)] \item 头20年内身故给付50{,}000元，20年后给付100{,}000元； \item 等额净保费875元，支付20年； \item 死亡率遵循标准终极寿表； \item 年利率 $i=0.05$。 \end{enumerate} 计算该保险在第10年末的净保单价值 \(\actsymb[10]{V}{}\)。","11{,}090","11{,}120","11{,}150","11{,}180","11{,}210",C
"
            以下是关于保险精算的单项选择题，请直接给出正确答案的选项。
            题目：已知一份以\((48)\)岁为准的特殊终身寿险，具备下列条款： \begin{enumerate}[label=(\roman*)] \item 若被保险人在其“截尾未来寿命”的中位数之前身故，则给付5000；若在中位数之后身故，则给付10000； \item 死亡率遵循标准最终生命表； \item 身故给付在身故当年的年末支付； \item 年利率 \(i=0.05\)。 \end{enumerate} 计算该保单给付的精算现值。
            选项：
            A：1130
            B：1160
            C：1190
            D：1220
            E：1250
            从ABCDE中选出唯一正确的答案。
            ",已知一份以\((48)\)岁为准的特殊终身寿险，具备下列条款： \begin{enumerate}[label=(\roman*)] \item 若被保险人在其“截尾未来寿命”的中位数之前身故，则给付5000；若在中位数之后身故，则给付10000； \item 死亡率遵循标准最终生命表； \item 身故给付在身故当年的年末支付； \item 年利率 \(i=0.05\)。 \end{enumerate} 计算该保单给付的精算现值。,1130,1160,1190,1220,1250,A
"
            以下是关于保险精算的单项选择题，请直接给出正确答案的选项。
            题目：已知：对 185 份小企业保单的观察结果如下： \[ \begin{array}{|c|c|} \hline 理赔次数 & 保单数量 \\ \hline 0 & 80 \\ 1 \text{ 或更多} & 105 \\ \hline \end{array} \] 每份保单的理赔次数服从参数为 \(\lambda\) 的泊松分布。 利用 \(\lambda\) 的最大似然估计，计算一份保单理赔次数少于两次的估计概率。
            选项：
            A：0.79
            B：0.84
            C：0.89
            D：0.95
            E：0.98
            从ABCDE中选出唯一正确的答案。
            ",已知：对 185 份小企业保单的观察结果如下： \[ \begin{array}{|c|c|} \hline 理赔次数 & 保单数量 \\ \hline 0 & 80 \\ 1 \text{ 或更多} & 105 \\ \hline \end{array} \] 每份保单的理赔次数服从参数为 \(\lambda\) 的泊松分布。 利用 \(\lambda\) 的最大似然估计，计算一份保单理赔次数少于两次的估计概率。,0.79,0.84,0.89,0.95,0.98,A
"
            以下是关于保险精算的单项选择题，请直接给出正确答案的选项。
            题目：已知针对 \((90)\) 岁被保险人的一份特殊完全离散终身寿险，具有以下条款： \begin{enumerate}[label=(\roman*)] \item 第一年的保费为 0； \item 续期保费记为 \(P\)； \item 死亡率遵循标准终极生命表； \item 年利率 \(i = 0.05\)； \item 保费按等价原则确定。 \end{enumerate} 计算续期保费 \(P\)。
            选项：
            A：150
            B：160
            C：170
            D：180
            E：190
            从ABCDE中选出唯一正确的答案。
            ",已知针对 \((90)\) 岁被保险人的一份特殊完全离散终身寿险，具有以下条款： \begin{enumerate}[label=(\roman*)] \item 第一年的保费为 0； \item 续期保费记为 \(P\)； \item 死亡率遵循标准终极生命表； \item 年利率 \(i = 0.05\)； \item 保费按等价原则确定。 \end{enumerate} 计算续期保费 \(P\)。,150,160,170,180,190,D
"
            以下是关于保险精算的单项选择题，请直接给出正确答案的选项。
            题目：已知： \begin{enumerate}[label=(\roman*)] \item \(\Ax{x} = 0.30\)； \item \(\Ax{x+n}=0.40\)； \item \(\Ax{\pureendowxn}=0.35\)； \item 年利率 \(i=0.05\)。 \end{enumerate} 计算 \(n\) 年期连续年金现值因子 \(\ax{x:\angl{n}}\)。
            选项：
            A：9.3
            B：9.6
            C：9.8
            D：10.0
            E：10.3
            从ABCDE中选出唯一正确的答案。
            ",已知： \begin{enumerate}[label=(\roman*)] \item \(\Ax{x} = 0.30\)； \item \(\Ax{x+n}=0.40\)； \item \(\Ax{\pureendowxn}=0.35\)； \item 年利率 \(i=0.05\)。 \end{enumerate} 计算 \(n\) 年期连续年金现值因子 \(\ax{x:\angl{n}}\)。,9.3,9.6,9.8,10.0,10.3,B
"
            以下是关于保险精算的单项选择题，请直接给出正确答案的选项。
            题目：对45岁的人承保面额为200{,}000的全额离散式终身寿险，已知： \begin{enumerate}[label=(\roman*)] \item 死亡率遵循标准终极寿表； \item 年利率 \(i=0.05\)； \item 年度保费按偿付公平原则确定。 \end{enumerate} 记 \(L_0\) 为发行时的损失现值随机变量，计算其标准差 \(\mathrm{SD}(L_0)\)。
            选项：
            A：\(25{,}440\)
            B：\(30{,}440\)
            C：\(35{,}440\)
            D：\(40{,}440\)
            E：\(45{,}440\)
            从ABCDE中选出唯一正确的答案。
            ","对45岁的人承保面额为200{,}000的全额离散式终身寿险，已知： \begin{enumerate}[label=(\roman*)] \item 死亡率遵循标准终极寿表； \item 年利率 \(i=0.05\)； \item 年度保费按偿付公平原则确定。 \end{enumerate} 记 \(L_0\) 为发行时的损失现值随机变量，计算其标准差 \(\mathrm{SD}(L_0)\)。","\(25{,}440\)","\(30{,}440\)","\(35{,}440\)","\(40{,}440\)","\(45{,}440\)",A
"
            以下是关于保险精算的单项选择题，请直接给出正确答案的选项。
            题目：已知对一份以\((40)\) 岁为准的20年递延年金——年初给付30,000元，具有以下条款： \begin{enumerate}[label=(\roman*)] \item 若被保险人在递延期间内身故，则当年年末退还单次纯保费（不计利息）； \item 死亡率遵循标准终极生命表； \item 年利率 \(i = 0.05\)。 \end{enumerate} 计算该年金的单次纯保费。
            选项：
            A：162\,000
            B：164\,000
            C：165\,200
            D：166\,400
            E：168\,800
            从ABCDE中选出唯一正确的答案。
            ","已知对一份以\((40)\) 岁为准的20年递延年金——年初给付30,000元，具有以下条款： \begin{enumerate}[label=(\roman*)] \item 若被保险人在递延期间内身故，则当年年末退还单次纯保费（不计利息）； \item 死亡率遵循标准终极生命表； \item 年利率 \(i = 0.05\)。 \end{enumerate} 计算该年金的单次纯保费。","162\,000","164\,000","165\,200","166\,400","168\,800",D
"
            以下是关于保险精算的单项选择题，请直接给出正确答案的选项。
            题目：总损失建模如下： \begin{enumerate}[label=(\roman*)] \item 索赔次数服从均值 $\lambda = 3$ 的泊松分布； \item 每笔损失金额服从参数 $\alpha = 3$、$\theta = 2$、$\gamma = 1$ 的 Burr 分布； \item 索赔次数与损失金额相互独立。 \end{enumerate} 计算总损失的方差。
            选项：
            A：12
            B：14
            C：16
            D：18
            E：20
            从ABCDE中选出唯一正确的答案。
            ",总损失建模如下： \begin{enumerate}[label=(\roman*)] \item 索赔次数服从均值 $\lambda = 3$ 的泊松分布； \item 每笔损失金额服从参数 $\alpha = 3$、$\theta = 2$、$\gamma = 1$ 的 Burr 分布； \item 索赔次数与损失金额相互独立。 \end{enumerate} 计算总损失的方差。,12,14,16,18,20,A
"
            以下是关于保险精算的单项选择题，请直接给出正确答案的选项。
            题目：某保险合同： \begin{enumerate}[label=(\roman*)] \item 年度索赔次数服从均值 $\lambda = 10$ 的泊松分布。 \item 单笔损失金额在区间 $(0,10)$ 上服从均匀分布。 \item 索赔次数与损失金额相互独立。 \item 每次损失设有 4 的普通免赔额。 \end{enumerate} 计算年度总赔款的方差。
            选项：
            A：36
            B：48
            C：72
            D：96
            E：120
            从ABCDE中选出唯一正确的答案。
            ","某保险合同： \begin{enumerate}[label=(\roman*)] \item 年度索赔次数服从均值 $\lambda = 10$ 的泊松分布。 \item 单笔损失金额在区间 $(0,10)$ 上服从均匀分布。 \item 索赔次数与损失金额相互独立。 \item 每次损失设有 4 的普通免赔额。 \end{enumerate} 计算年度总赔款的方差。",36,48,72,96,120,C
"
            以下是关于保险精算的单项选择题，请直接给出正确答案的选项。
            题目：某保险单： \begin{enumerate}[label=(\roman*)] \item 损失可能为 100、200 或 300，概率分别为 0.2、0.2 和 0.6。 \item 每次损失设有 150 的普通免赔额。 \item $Y^P$ 表示单次索赔支付额的随机变量。 \end{enumerate} 计算 $\mathrm{Var}(X^P)$。kkk
            选项：
            A：1500
            B：1875
            C：2250
            D：2625
            E：3000
            从ABCDE中选出唯一正确的答案。
            ",某保险单： \begin{enumerate}[label=(\roman*)] \item 损失可能为 100、200 或 300，概率分别为 0.2、0.2 和 0.6。 \item 每次损失设有 150 的普通免赔额。 \item $Y^P$ 表示单次索赔支付额的随机变量。 \end{enumerate} 计算 $\mathrm{Var}(X^P)$。kkk,1500,1875,2250,2625,3000,B
"
            以下是关于保险精算的单项选择题，请直接给出正确答案的选项。
            题目：给定以下条件： \begin{enumerate}[label=(\roman*)] \item 索赔次数服从均值为 $\lambda$ 的泊松分布。 \item 除 0 和 1 以外的观测值已被删除。 \item 数据中 0 和 1 的观测数相等。 \end{enumerate} 计算 $\lambda$ 的最大似然估计。
            选项：
            A：0.50
            B：0.75
            C：1.00
            D：1.25
            E：1.50
            从ABCDE中选出唯一正确的答案。
            ",给定以下条件： \begin{enumerate}[label=(\roman*)] \item 索赔次数服从均值为 $\lambda$ 的泊松分布。 \item 除 0 和 1 以外的观测值已被删除。 \item 数据中 0 和 1 的观测数相等。 \end{enumerate} 计算 $\lambda$ 的最大似然估计。,0.50,0.75,1.00,1.25,1.50,C
"
            以下是关于保险精算的单项选择题，请直接给出正确答案的选项。
            题目：“父子俱乐部”有4000名会员，其中2000人为20岁，另2000人为45岁。25年后拟举办聚会。已知： \begin{itemize} \item 所有会员未来寿命相互独立； \item 死亡率遵循标准最终生命表。 \end{itemize} 使用正态近似（不做连续性校正），计算聚会时幸存会员人数的第99百分位数。
            选项：
            A：3810
            B：3820
            C：3830
            D：3840
            E：3850
            从ABCDE中选出唯一正确的答案。
            ",“父子俱乐部”有4000名会员，其中2000人为20岁，另2000人为45岁。25年后拟举办聚会。已知： \begin{itemize} \item 所有会员未来寿命相互独立； \item 死亡率遵循标准最终生命表。 \end{itemize} 使用正态近似（不做连续性校正），计算聚会时幸存会员人数的第99百分位数。,3810,3820,3830,3840,3850,E
"
            以下是关于保险精算的单项选择题，请直接给出正确答案的选项。
            题目：某风险的损失金额服从均值为 3 的泊松分布。 一种保险合同对该风险提供保障，每年设普通免赔额 2。另一种保险合同取消免赔额，改为设定共保比例 $\alpha$，即每次损失由保险支付比例为 $\alpha$，并使期望成本保持不变。 计算 $\alpha$。
            选项：
            A：0.22
            B：0.27
            C：0.32
            D：0.37
            E：0.42
            从ABCDE中选出唯一正确的答案。
            ",某风险的损失金额服从均值为 3 的泊松分布。 一种保险合同对该风险提供保障，每年设普通免赔额 2。另一种保险合同取消免赔额，改为设定共保比例 $\alpha$，即每次损失由保险支付比例为 $\alpha$，并使期望成本保持不变。 计算 $\alpha$。,0.22,0.27,0.32,0.37,0.42,E
"
            以下是关于保险精算的单项选择题，请直接给出正确答案的选项。
            题目：给定以下条件： 你在一个自下限为 100 的数据集中观察到以下五笔整体索赔：125、150、165、175、250。 使用最大似然估计拟合一个自下限的指数分布。 计算拟合分布的均值。
            选项：
            A：73
            B：100
            C：125
            D：156
            E：173
            从ABCDE中选出唯一正确的答案。
            ",给定以下条件： 你在一个自下限为 100 的数据集中观察到以下五笔整体索赔：125、150、165、175、250。 使用最大似然估计拟合一个自下限的指数分布。 计算拟合分布的均值。,73,100,125,156,173,A
"
            以下是关于保险精算的单项选择题，请直接给出正确答案的选项。
            题目：你被要求考虑风险度量 \(\rho(X)=E(X)\) 是否是相干的。 判断下列哪一项陈述是正确的。
            选项：
            A：\(\rho(X)\) 不具备次可加性。
            B：\(\rho(X)\) 不具备单调性。
            C：\(\rho(X)\) 不具备正齐次性。
            D：\(\rho(X)\) 不具备平移不变性。
            E：\(\rho(X)\) 是一个相干的风险度量。
            从ABCDE中选出唯一正确的答案。
            ",你被要求考虑风险度量 \(\rho(X)=E(X)\) 是否是相干的。 判断下列哪一项陈述是正确的。,\(\rho(X)\) 不具备次可加性。,\(\rho(X)\) 不具备单调性。,\(\rho(X)\) 不具备正齐次性。,\(\rho(X)\) 不具备平移不变性。,\(\rho(X)\) 是一个相干的风险度量。,E
"
            你是一名保险财务与投资领域的专家，你可以判断给定的内容是对还是错。
            内容是：保险公司的业务流程具有偶发性，即保险公司根据保险事故发生的频率、损失金额、公司费用和利润要求确定保险费率。
            你是输出只能是""对""或者""错""。
            ",保险公司的业务流程具有偶发性，即保险公司根据保险事故发生的频率、损失金额、公司费用和利润要求确定保险费率。,,,,,,对
"
            你是一名保险财务与投资领域的专家，你可以判断给定的内容是对还是错。
            内容是：在其他条件不变的情况下，预定利率越高，所计算出的纯保费就越低。
            你是输出只能是""对""或者""错""。
            ",在其他条件不变的情况下，预定利率越高，所计算出的纯保费就越低。,,,,,,对
"
            你是一名保险财务与投资领域的专家，你可以判断给定的内容是对还是错。
            内容是：逆向选择是指风险越高的个体越倾向于购买保险。
            你是输出只能是""对""或者""错""。
            ",逆向选择是指风险越高的个体越倾向于购买保险。,,,,,,对
"
            以下是关于保险财务与投资的单项选择题，请直接给出正确答案的选项。
            题目：可供出售金融资产的公允价值变动应计入？
            选项：
            A：当期损益
            B：资本公积
            C：其他综合收益
            D：留存收益
            从ABCD中选出唯一正确的答案。
            ",可供出售金融资产的公允价值变动应计入？,当期损益,资本公积,其他综合收益,留存收益,,C
"
            以下是关于保险财务与投资的单项选择题，请直接给出正确答案的选项。
            题目：从概念本质看，利润是所有者权益的组成部分，最终表现为什么的增加或减少？
            选项：
            A：现金
            B：收入
            C：资产
            D：负债
            从ABCD中选出唯一正确的答案。
            ",从概念本质看，利润是所有者权益的组成部分，最终表现为什么的增加或减少？,现金,收入,资产,负债,,C
"
            以下是关于保险财务与投资的单项选择题，请直接给出正确答案的选项。
            题目：在对资产负债表进行纵向分析时，通常将什么项目作为基数？
            选项：
            A：货币资金
            B：净利润
            C：资产或负债和股东权益总额
            D：营业收入
            从ABCD中选出唯一正确的答案。
            ",在对资产负债表进行纵向分析时，通常将什么项目作为基数？,货币资金,净利润,资产或负债和股东权益总额,营业收入,,C
"
            以下是关于保险财务与投资的单项选择题，请直接给出正确答案的选项。
            题目：我国银行发放信用贷款的基本条件之一，要求企业客户信用等级至少在什么级别以上？
            选项：
            A：A级
            B：AA级
            C：AAA级
            D：B级
            从ABCD中选出唯一正确的答案。
            ",我国银行发放信用贷款的基本条件之一，要求企业客户信用等级至少在什么级别以上？,A级,AA级,AAA级,B级,,B
"
            以下是关于保险财务与投资的单项选择题，请直接给出正确答案的选项。
            题目：VaR确定了在一段给定时间最大的可能损失及其发生的概率，它度量的是什么风险？
            选项：
            A：上涨的风险
            B：盈利的风险
            C：下跌的风险
            D：操作的风险
            从ABCD中选出唯一正确的答案。
            ",VaR确定了在一段给定时间最大的可能损失及其发生的概率，它度量的是什么风险？,上涨的风险,盈利的风险,下跌的风险,操作的风险,,C
"
            以下是关于保险财务与投资的单项选择题，请直接给出正确答案的选项。
            题目：下列各项中，属于“筹资活动产生的现金流量”的是（ ）。
            选项：
            A：偿还应付账款支付的现金
            B：处置子公司收到的现金净额
            C：对外转让固定资产收到的现金净额
            D：分配现金股利支付的现金
            从ABCD中选出唯一正确的答案。
            ",下列各项中，属于“筹资活动产生的现金流量”的是（ ）。,偿还应付账款支付的现金,处置子公司收到的现金净额,对外转让固定资产收到的现金净额,分配现金股利支付的现金,,D
"
            以下是关于保险财务与投资的单项选择题，请直接给出正确答案的选项。
            题目：作为一种经济管理活动，会计的基本职能是（ ）。
            选项：
            A：记录交易
            B：编制报表
            C：核算控制
            D：纳税申报
            从ABCD中选出唯一正确的答案。
            ",作为一种经济管理活动，会计的基本职能是（ ）。,记录交易,编制报表,核算控制,纳税申报,,C
"
            以下是关于保险财务与投资的单项选择题，请直接给出正确答案的选项。
            题目：关于所有者权益，下列说法错误的是（）。
            选项：
            A：所有者权益是所有者在企业中拥有的资产
            B：所有者权益是资产减去负债后的剩余部分
            C：所有者权益也称为股东权益
            D：所有者权益具有永久性特点
            从ABCD中选出唯一正确的答案。
            ",关于所有者权益，下列说法错误的是（）。,所有者权益是所有者在企业中拥有的资产,所有者权益是资产减去负债后的剩余部分,所有者权益也称为股东权益,所有者权益具有永久性特点,,A
"
            以下是关于保险财务与投资的单项选择题，请直接给出正确答案的选项。
            题目：下列不属于保险公司会计要素的是（）。
            选项：
            A：资产
            B：负债
            C：利润
            D：风险
            从ABCD中选出唯一正确的答案。
            ",下列不属于保险公司会计要素的是（）。,资产,负债,利润,风险,,D
"
            以下是关于保险财务与投资的单项选择题，请直接给出正确答案的选项。
            题目：目前，银行业主要使用什么作为风险衡量工具？
            选项：
            A：风险价值(VaR)
            B：尾部条件期望(CTE)
            C：压力测试
            D：情景分析
            从ABCD中选出唯一正确的答案。
            ",目前，银行业主要使用什么作为风险衡量工具？,风险价值(VaR),尾部条件期望(CTE),压力测试,情景分析,,A
"
            以下是关于保险财务与投资的单项选择题，请直接给出正确答案的选项。
            题目：影响资产配置决策最主要的因素是什么？
            选项：
            A：监管规定
            B：税收影响
            C：资产所支持的负债特征
            D：会计制度
            从ABCD中选出唯一正确的答案。
            ",影响资产配置决策最主要的因素是什么？,监管规定,税收影响,资产所支持的负债特征,会计制度,,C
"
            以下是关于保险财务与投资的单项选择题，请直接给出正确答案的选项。
            题目：股东可以直接干预经理的工作，其中最主要的外部约束机制是（ ）。
            选项：
            A：注册会计师审计
            B：金融机构的监督
            C：敌意收购
            D：法律诉讼
            从ABCD中选出唯一正确的答案。
            ",股东可以直接干预经理的工作，其中最主要的外部约束机制是（ ）。,注册会计师审计,金融机构的监督,敌意收购,法律诉讼,,C
"
            以下是关于保险财务与投资的单项选择题，请直接给出正确答案的选项。
            题目：到期日固定、回收金额固定或可确定，且企业有明确意图和能力持有至到期的非衍生金融资产是（ ）。
            选项：
            A：交易性金融资产
            B：可供出售金融资产
            C：持有至到期投资
            D：长期股权投资
            从ABCD中选出唯一正确的答案。
            ",到期日固定、回收金额固定或可确定，且企业有明确意图和能力持有至到期的非衍生金融资产是（ ）。,交易性金融资产,可供出售金融资产,持有至到期投资,长期股权投资,,C
"
            以下是关于保险财务与投资的单项选择题，请直接给出正确答案的选项。
            题目：公司按照规定从净利润中提取的，具有特定用途的资金是（ ）。
            选项：
            A：资本公积
            B：盈余公积
            C：未分配利润
            D：实收资本
            从ABCD中选出唯一正确的答案。
            ",公司按照规定从净利润中提取的，具有特定用途的资金是（ ）。,资本公积,盈余公积,未分配利润,实收资本,,B
"
            以下是关于保险财务与投资的单项选择题，请直接给出正确答案的选项。
            题目：下列支出，不属于营业外支出的是（ ）。
            选项：
            A：债务重组损失
            B：非常损失
            C：出租固定资产的折旧额
            D：公益性捐赠支出
            从ABCD中选出唯一正确的答案。
            ",下列支出，不属于营业外支出的是（ ）。,债务重组损失,非常损失,出租固定资产的折旧额,公益性捐赠支出,,C
"
            以下是关于保险财务与投资的单项选择题，请直接给出正确答案的选项。
            题目：有限责任公司全体股东的现金出资金额，不得低于有限责任公司注册资本的（ ）。
            选项：
            A：0.1
            B：0.2
            C：0.3
            D：0.5
            从ABCD中选出唯一正确的答案。
            ",有限责任公司全体股东的现金出资金额，不得低于有限责任公司注册资本的（ ）。,0.1,0.2,0.3,0.5,,C
"
            以下是关于保险财务与投资的单项选择题，请直接给出正确答案的选项。
            题目：长期借款的一般保护性条款不包括（ ）。
            选项：
            A：限制租赁固定资产的规模
            B：不准在正常情况下出售较多资产
            C：不准企业投资于短期内不能收回资金的项目
            D：限制租赁固定资产的规模
            从ABCD中选出唯一正确的答案。
            ",长期借款的一般保护性条款不包括（ ）。,限制租赁固定资产的规模,不准在正常情况下出售较多资产,不准企业投资于短期内不能收回资金的项目,限制租赁固定资产的规模,,C
"
            以下是关于保险财务与投资的单项选择题，请直接给出正确答案的选项。
            题目：公司发行普通股，其股利从（ ）中支付。
            选项：
            A：财务费用
            B：营业利润
            C：利润总额
            D：税后利润
            从ABCD中选出唯一正确的答案。
            ",公司发行普通股，其股利从（ ）中支付。,财务费用,营业利润,利润总额,税后利润,,D
"
            以下是关于保险财务与投资的单项选择题，请直接给出正确答案的选项。
            题目：在保险合同延长期内承担赔付责任的，应当确定为（ ）。
            选项：
            A：再保险合同
            B：寿险合同
            C：非寿险合同
            D：原保险合同
            从ABCD中选出唯一正确的答案。
            ",在保险合同延长期内承担赔付责任的，应当确定为（ ）。,再保险合同,寿险合同,非寿险合同,原保险合同,,B
"
            以下是关于保险财务与投资的单项选择题，请直接给出正确答案的选项。
            题目：资产负债表反映的是公司在什么时间点的财务状况？
            选项：
            A：某一特定日期
            B：某一会计期间
            C：过去一年
            D：未来一年
            从ABCD中选出唯一正确的答案。
            ",资产负债表反映的是公司在什么时间点的财务状况？,某一特定日期,某一会计期间,过去一年,未来一年,,A
"
            以下是关于保险财务与投资的多项选择题，请直接给出正确答案的选项。
            题目：偿二代的第一支柱（定量资本要求）主要包括哪些内容？
            选项：
            A：第一支柱量化资本要求
            B：实际资本评估标准
            C：资本分级
            D：动态偿付能力测试
            请注意，正确选项一定不止一个，不要进行单选。最终结果只输出选项，不要输出额外信息，选项之间用英文逗号分割。
            ",偿二代的第一支柱（定量资本要求）主要包括哪些内容？,第一支柱量化资本要求,实际资本评估标准,资本分级,动态偿付能力测试,,"A,B,C,D"
"
            以下是关于保险财务与投资的多项选择题，请直接给出正确答案的选项。
            题目：RBC制度的基本理念包括哪些？
            选项：
            A：违约风险主要取决于现金流风险
            B：最低风险资本标准对应着设定的无偿付能力的最大概率
            C：风险资本标准通过适当方式将各类风险的费用加总
            D：风险费用主要通过对不同类别的经验现金流进行统计分析来确定
            请注意，正确选项一定不止一个，不要进行单选。最终结果只输出选项，不要输出额外信息，选项之间用英文逗号分割。
            ",RBC制度的基本理念包括哪些？,违约风险主要取决于现金流风险,最低风险资本标准对应着设定的无偿付能力的最大概率,风险资本标准通过适当方式将各类风险的费用加总,风险费用主要通过对不同类别的经验现金流进行统计分析来确定,,"A,B,C,D"
"
            以下是关于保险财务与投资的多项选择题，请直接给出正确答案的选项。
            题目：保险公司的基本职能包括以下哪几项？
            选项：
            A：经济补偿
            B：社会风险管理
            C：融通资金
            D：防灾减灾
            请注意，正确选项一定不止一个，不要进行单选。最终结果只输出选项，不要输出额外信息，选项之间用英文逗号分割。
            ",保险公司的基本职能包括以下哪几项？,经济补偿,社会风险管理,融通资金,防灾减灾,,"A,B,C"
"
            以下是关于保险财务与投资的多项选择题，请直接给出正确答案的选项。
            题目：使用问题数据会产生哪些负面影响？
            选项：
            A：导致问题堆积
            B：增加清理成本和操作难度
            C：分析结果不能真实反映经营状况
            D：影响管理层做出正确决策
            请注意，正确选项一定不止一个，不要进行单选。最终结果只输出选项，不要输出额外信息，选项之间用英文逗号分割。
            ",使用问题数据会产生哪些负面影响？,导致问题堆积,增加清理成本和操作难度,分析结果不能真实反映经营状况,影响管理层做出正确决策,,"A,B,C,D"
"
            以下是关于保险财务与投资的多项选择题，请直接给出正确答案的选项。
            题目：收入按性质进行分类，可以分为（ ）。
            选项：
            A：主营业务收入
            B：销售商品收入
            C：提供劳务收入
            D：让渡资产使用权取得的收入
            请注意，正确选项一定不止一个，不要进行单选。最终结果只输出选项，不要输出额外信息，选项之间用英文逗号分割。
            ",收入按性质进行分类，可以分为（ ）。,主营业务收入,销售商品收入,提供劳务收入,让渡资产使用权取得的收入,,"B,C,D"
"
            以下是关于保险财务与投资的多项选择题，请直接给出正确答案的选项。
            题目：长期筹资所筹集的资金主要投资于（ ）。
            选项：
            A：企业设备的更新改造
            B：新产品的开发与推广
            C：原材料的购进
            D：生产规模的扩大
            请注意，正确选项一定不止一个，不要进行单选。最终结果只输出选项，不要输出额外信息，选项之间用英文逗号分割。
            ",长期筹资所筹集的资金主要投资于（ ）。,企业设备的更新改造,新产品的开发与推广,原材料的购进,生产规模的扩大,,"A,B,D"
"
            以下是关于保险财务与投资的多项选择题，请直接给出正确答案的选项。
            题目：所有者权益包括哪些内容？
            选项：
            A：股本
            B：资本公积
            C：盈余公积
            D：未分配利润
            请注意，正确选项一定不止一个，不要进行单选。最终结果只输出选项，不要输出额外信息，选项之间用英文逗号分割。
            ",所有者权益包括哪些内容？,股本,资本公积,盈余公积,未分配利润,,"A,B,C,D"
"
            以下是关于保险财务与投资的多项选择题，请直接给出正确答案的选项。
            题目：内含价值相比传统估值方法的优势在于？
            选项：
            A：更能反映寿险公司的经营特点
            B：考虑了保险风险
            C：使不同公司具有可比性
            D：提供了对未来盈利能力的预期
            请注意，正确选项一定不止一个，不要进行单选。最终结果只输出选项，不要输出额外信息，选项之间用英文逗号分割。
            ",内含价值相比传统估值方法的优势在于？,更能反映寿险公司的经营特点,考虑了保险风险,使不同公司具有可比性,提供了对未来盈利能力的预期,,"A,B,D"
"
            你是一名社会保险与政策保险领域的专家，你可以判断给定的内容是对还是错。
            内容是：失业保险除了保障失业人员的基本生活外，还提供基本医疗保险、转岗培训、再就业培训、职业介绍等服务，以帮助失业人员尽快再就业。
            你是输出只能是""对""或者""错""。
            ",失业保险除了保障失业人员的基本生活外，还提供基本医疗保险、转岗培训、再就业培训、职业介绍等服务，以帮助失业人员尽快再就业。,对,错,,,,对
"
            你是一名社会保险与政策保险领域的专家，你可以判断给定的内容是对还是错。
            内容是：补充养老保险是用人单位根据自身经济效益的状况，为提高职工生活水平而建立的补充养老保险方案。
            你是输出只能是""对""或者""错""。
            ",补充养老保险是用人单位根据自身经济效益的状况，为提高职工生活水平而建立的补充养老保险方案。,对,错,,,,对
"
            你是一名社会保险与政策保险领域的专家，你可以判断给定的内容是对还是错。
            内容是：部分可以入药的动物及动物脏器、干果或者水果类，可以纳入基本医疗保险的用药范围。
            你是输出只能是""对""或者""错""。
            ",部分可以入药的动物及动物脏器、干果或者水果类，可以纳入基本医疗保险的用药范围。,对,错,,,,错
"
            你是一名社会保险与政策保险领域的专家，你可以判断给定的内容是对还是错。
            内容是：补充医疗保险可以基本医疗保险社会统筹基金支付范围个人自付费用的保障。
            你是输出只能是""对""或者""错""。
            ",补充医疗保险可以基本医疗保险社会统筹基金支付范围个人自付费用的保障。,对,错,,,,对
"
            你是一名社会保险与政策保险领域的专家，你可以判断给定的内容是对还是错。
            内容是：基本医疗保险与补充医疗保险都具有分摊风险、保障员工身体健康的功能。
            你是输出只能是""对""或者""错""。
            ",基本医疗保险与补充医疗保险都具有分摊风险、保障员工身体健康的功能。,对,错,,,,对
"
            以下是关于社会保险与政策保险的单项选择题，请直接给出正确答案的选项。
            题目：近年来，随着工作强度增大和职业压力加剧，劳动者因长时间、高强度工作导致的“过劳猝死”事件频发，引发了社会对工伤认定标准适应性的广泛讨论。在司法实践中，对于此类通常发生在工作岗位或与工作紧密相关时间、地点，但未必符合传统“事故伤害”即时性特征的死亡事件，能否认定为工伤存在较大争议。法院在审理此类案件时，其裁判尺度与价值取向直接影响劳动者权益保障与企业责任边界。围绕《工伤保险条例》中“工作时间和工作岗位”等核心要件的理解与适用，当前工伤认定中关于“过劳猝死”的司法实践趋势突出表现为（ ）
            选项：
            A：一律不认定
            B：扩大""工作岗位""解释
            C：仅赔商业保险
            D：要求家属举证
            从ABCD中选出唯一正确的答案。
            ",近年来，随着工作强度增大和职业压力加剧，劳动者因长时间、高强度工作导致的“过劳猝死”事件频发，引发了社会对工伤认定标准适应性的广泛讨论。在司法实践中，对于此类通常发生在工作岗位或与工作紧密相关时间、地点，但未必符合传统“事故伤害”即时性特征的死亡事件，能否认定为工伤存在较大争议。法院在审理此类案件时，其裁判尺度与价值取向直接影响劳动者权益保障与企业责任边界。围绕《工伤保险条例》中“工作时间和工作岗位”等核心要件的理解与适用，当前工伤认定中关于“过劳猝死”的司法实践趋势突出表现为（ ）,一律不认定,"扩大""工作岗位""解释",仅赔商业保险,要求家属举证,,B
"
            以下是关于社会保险与政策保险的单项选择题，请直接给出正确答案的选项。
            题目：生育社会保险的经费来源通常如何承担（）
            选项：
            A：个人全额缴纳
            B：政府全额拨款
            C：雇主与个人共同缴费
            D：慈善捐赠
            从ABCD中选出唯一正确的答案。
            ",生育社会保险的经费来源通常如何承担（）,个人全额缴纳,政府全额拨款,雇主与个人共同缴费,慈善捐赠,,C
"
            以下是关于社会保险与政策保险的单项选择题，请直接给出正确答案的选项。
            题目：社会保障""再分配功能""的直接体现是（ ）
            选项：
            A：企业利润增长
            B：养老金待遇差异缩小收入差距
            C：资本市场扩张
            D：国际贸易平衡
            从ABCD中选出唯一正确的答案。
            ","社会保障""再分配功能""的直接体现是（ ）",企业利润增长,养老金待遇差异缩小收入差距,资本市场扩张,国际贸易平衡,,B
"
            以下是关于社会保险与政策保险的单项选择题，请直接给出正确答案的选项。
            题目：下列不属于社会保障必备要素的是（ ）
            选项：
            A：依法建立
            B：突出以人为本
            C：市场主导性
            D：具有经济福利性
            从ABCD中选出唯一正确的答案。
            ",下列不属于社会保障必备要素的是（ ）,依法建立,突出以人为本,市场主导性,具有经济福利性,,C
"
            以下是关于社会保险与政策保险的单项选择题，请直接给出正确答案的选项。
            题目：养老保险中央调剂金的功能是（ ）
            选项：
            A：平衡省际基金余缺
            B：增加个人账户
            C：替代企业缴费
            D：投资海外市场
            从ABCD中选出唯一正确的答案。
            ",养老保险中央调剂金的功能是（ ）,平衡省际基金余缺,增加个人账户,替代企业缴费,投资海外市场,,A
"
            以下是关于社会保险与政策保险的单项选择题，请直接给出正确答案的选项。
            题目：在构建完善的出口信用保险体系时，出口信用机构（ECA）因其政策性背景和特定职能，与私营保险公司在风险偏好、市场定位及承保能力方面存在差异。探讨两者在市场中理想的互动模式，通常认为其核心关系应当是（）
            选项：
            A：完全竞争
            B：政府替代
            C：业务兼并
            D：相辅相成
            从ABCD中选出唯一正确的答案。
            ",在构建完善的出口信用保险体系时，出口信用机构（ECA）因其政策性背景和特定职能，与私营保险公司在风险偏好、市场定位及承保能力方面存在差异。探讨两者在市场中理想的互动模式，通常认为其核心关系应当是（）,完全竞争,政府替代,业务兼并,相辅相成,,D
"
            以下是关于社会保险与政策保险的单项选择题，请直接给出正确答案的选项。
            题目：在促进国际贸易和海外投资的过程中，由政府支持或运营的出口信用机构（ECA），其核心功能在于为参与国际业务的本国企业提供关键保障。具体而言，这类机构在投资保险领域所发挥的主要功能是（）
            选项：
            A：替代商业信贷
            B：承保海外投资风险
            C：提供跨境担保
            D：直接股权投资
            从ABCD中选出唯一正确的答案。
            ",在促进国际贸易和海外投资的过程中，由政府支持或运营的出口信用机构（ECA），其核心功能在于为参与国际业务的本国企业提供关键保障。具体而言，这类机构在投资保险领域所发挥的主要功能是（）,替代商业信贷,承保海外投资风险,提供跨境担保,直接股权投资,,B
"
            以下是关于社会保险与政策保险的单项选择题，请直接给出正确答案的选项。
            题目：失业保险""扩大覆盖范围""的典型群体是（ ）
            选项：
            A：农民工
            B：公务员
            C：企业高管
            D：退休人员
            从ABCD中选出唯一正确的答案。
            ","失业保险""扩大覆盖范围""的典型群体是（ ）",农民工,公务员,企业高管,退休人员,,A
"
            以下是关于社会保险与政策保险的单项选择题，请直接给出正确答案的选项。
            题目：现代社会保障制度成熟的标志是（ ）
            选项：
            A：慈善事业普及
            B：济贫制度形成
            C：社会福利型发展
            D：社会救助制度化
            从ABCD中选出唯一正确的答案。
            ",现代社会保障制度成熟的标志是（ ）,慈善事业普及,济贫制度形成,社会福利型发展,社会救助制度化,,C
"
            以下是关于社会保险与政策保险的单项选择题，请直接给出正确答案的选项。
            题目：工伤保险""预防优先""原则体现在（ ）
            选项：
            A：事后赔偿
            B：费率浮动机制
            C：法院诉讼
            D：商业保险
            从ABCD中选出唯一正确的答案。
            ","工伤保险""预防优先""原则体现在（ ）",事后赔偿,费率浮动机制,法院诉讼,商业保险,,B
"
            以下是关于社会保险与政策保险的单项选择题，请直接给出正确答案的选项。
            题目：社保基金投资股票的比例上限是（ ）
            选项：
            A：0.4
            B：0.2
            C：0.6
            D：1
            从ABCD中选出唯一正确的答案。
            ",社保基金投资股票的比例上限是（ ）,0.4,0.2,0.6,1,,A
"
            以下是关于社会保险与政策保险的单项选择题，请直接给出正确答案的选项。
            题目：生育社会保险的主要补偿内容是（）
            选项：
            A：生育期间的医疗费用报销
            B：因生育中止劳动导致的工资损失
            C：子女教育费用补贴
            D：家庭住房补贴
            从ABCD中选出唯一正确的答案。
            ",生育社会保险的主要补偿内容是（）,生育期间的医疗费用报销,因生育中止劳动导致的工资损失,子女教育费用补贴,家庭住房补贴,,B
"
            以下是关于社会保险与政策保险的单项选择题，请直接给出正确答案的选项。
            题目：新业态职业伤害保障的缴费基数是（ ）
            选项：
            A：最低工资
            B：企业利润
            C：平台订单收入
            D：个人储蓄
            从ABCD中选出唯一正确的答案。
            ",新业态职业伤害保障的缴费基数是（ ）,最低工资,企业利润,平台订单收入,个人储蓄,,C
"
            以下是关于社会保险与政策保险的单项选择题，请直接给出正确答案的选项。
            题目：低保对象""就业成本抵扣""比例是（ ）
            选项：
            A：0.1
            B：30-50%
            C：0.7
            D：1
            从ABCD中选出唯一正确的答案。
            ","低保对象""就业成本抵扣""比例是（ ）",0.1,30-50%,0.7,1,,B
"
            以下是关于社会保险与政策保险的单项选择题，请直接给出正确答案的选项。
            题目：低保对象""渐退期""政策指（ ）
            选项：
            A：就业后逐步退出
            B：立即取消资格
            C：永久保留
            D：提高标准
            从ABCD中选出唯一正确的答案。
            ","低保对象""渐退期""政策指（ ）",就业后逐步退出,立即取消资格,永久保留,提高标准,,A
"
            以下是关于社会保险与政策保险的单项选择题，请直接给出正确答案的选项。
            题目：工伤认定申请时限是（ ）
            选项：
            A：3天
            B：15天
            C：30天
            D：1年
            从ABCD中选出唯一正确的答案。
            ",工伤认定申请时限是（ ）,3天,15天,30天,1年,,D
"
            以下是关于社会保险与政策保险的单项选择题，请直接给出正确答案的选项。
            题目：巨灾保险制度中再保险分层的首要考虑是（）
            选项：
            A：降低财政负担
            B：满足监管要求
            C：平衡成本与安全
            D：吸引国际资本
            从ABCD中选出唯一正确的答案。
            ",巨灾保险制度中再保险分层的首要考虑是（）,降低财政负担,满足监管要求,平衡成本与安全,吸引国际资本,,C
"
            以下是关于社会保险与政策保险的单项选择题，请直接给出正确答案的选项。
            题目：巨灾债券的""SPV""（特殊目的机构）核心功能是（）
            选项：
            A：销售保单
            B：风险隔离
            C：政府担保
            D：基金托管
            从ABCD中选出唯一正确的答案。
            ","巨灾债券的""SPV""（特殊目的机构）核心功能是（）",销售保单,风险隔离,政府担保,基金托管,,B
"
            以下是关于社会保险与政策保险的单项选择题，请直接给出正确答案的选项。
            题目：农业保险道德风险突出的根本原因是（）
            选项：
            A：农民教育水平低
            B：标的为活的生物
            C：信息不对称严重
            D：监管力度不足
            从ABCD中选出唯一正确的答案。
            ",农业保险道德风险突出的根本原因是（）,农民教育水平低,标的为活的生物,信息不对称严重,监管力度不足,,B
"
            以下是关于社会保险与政策保险的单项选择题，请直接给出正确答案的选项。
            题目：ICISA协会成员的主要业务领域是（）
            选项：
            A：官方中长期保险
            B：社会保险
            C：农业保险
            D：商业信用保险
            从ABCD中选出唯一正确的答案。
            ",ICISA协会成员的主要业务领域是（）,官方中长期保险,社会保险,农业保险,商业信用保险,,D
"
            以下是关于社会保险与政策保险的单项选择题，请直接给出正确答案的选项。
            题目：政策性农业保险保费补贴占比通常为（）
            选项：
            A：20%-30%
            B：40%-50%
            C：60%-70%
            D：70%-80%
            从ABCD中选出唯一正确的答案。
            ",政策性农业保险保费补贴占比通常为（）,20%-30%,40%-50%,60%-70%,70%-80%,,D
"
            以下是关于社会保险与政策保险的单项选择题，请直接给出正确答案的选项。
            题目：出口信用保险国际化扩张的主要动力是（）
            选项：
            A：政府政策推动
            B：再保险需求
            C：资本充足率要求
            D：跨国公司全球服务需求
            从ABCD中选出唯一正确的答案。
            ",出口信用保险国际化扩张的主要动力是（）,政府政策推动,再保险需求,资本充足率要求,跨国公司全球服务需求,,D
"
            以下是关于社会保险与政策保险的单项选择题，请直接给出正确答案的选项。
            题目：我国《农业保险条例》的法律定位属于（）
            选项：
            A：商业保险法特别法
            B：社会保障法分支
            C：财政预算法附件
            D：单独立法规范
            从ABCD中选出唯一正确的答案。
            ",我国《农业保险条例》的法律定位属于（）,商业保险法特别法,社会保障法分支,财政预算法附件,单独立法规范,,D
"
            以下是关于社会保险与政策保险的单项选择题，请直接给出正确答案的选项。
            题目：我国农业保险保费补贴的""普惠性""体现在（）
            选项：
            A：统一补贴比例
            B：优先国有农场
            C：覆盖地方特色农产品
            D：困难群体保费全免
            从ABCD中选出唯一正确的答案。
            ","我国农业保险保费补贴的""普惠性""体现在（）",统一补贴比例,优先国有农场,覆盖地方特色农产品,困难群体保费全免,,D
"
            以下是关于社会保险与政策保险的单项选择题，请直接给出正确答案的选项。
            题目：巨灾保险制度设计的""保本微利""原则旨在（）
            选项：
            A：平衡供需可持续性
            B：最大化财政收益
            C：吸引私人投资
            D：降低再保险成本
            从ABCD中选出唯一正确的答案。
            ","巨灾保险制度设计的""保本微利""原则旨在（）",平衡供需可持续性,最大化财政收益,吸引私人投资,降低再保险成本,,A
"
            以下是关于社会保险与政策保险的单项选择题，请直接给出正确答案的选项。
            题目：指数型巨灾保险的主要优势是（）
            选项：
            A：精准定损理赔
            B：保障范围全覆盖
            C：保费低廉
            D：快速赔付
            从ABCD中选出唯一正确的答案。
            ",指数型巨灾保险的主要优势是（）,精准定损理赔,保障范围全覆盖,保费低廉,快速赔付,,D
"
            以下是关于社会保险与政策保险的单项选择题，请直接给出正确答案的选项。
            题目：农业保险精算定价的难点是（）
            选项：
            A：缺乏历史损失数据
            B：农民支付意愿低
            C：政府定价干预
            D：再保险支持不足
            从ABCD中选出唯一正确的答案。
            ",农业保险精算定价的难点是（）,缺乏历史损失数据,农民支付意愿低,政府定价干预,再保险支持不足,,A
"
            以下是关于社会保险与政策保险的多项选择题，请直接给出正确答案的选项。
            题目：我国政府发布的《企业年金办法》规定，建立企业年金的条件有（）。
            选项：
            A：任何企业均可以建立
            B：依法参加基本养老保险，并履行缴费义务
            C：具有相应的经济负担能力
            D：已建立集体协商机制
            请注意，正确选项一定不止一个，不要进行单选。最终结果只输出选项，不要输出额外信息，选项之间用英文逗号分割。
            ",我国政府发布的《企业年金办法》规定，建立企业年金的条件有（）。,任何企业均可以建立,依法参加基本养老保险，并履行缴费义务,具有相应的经济负担能力,已建立集体协商机制,,"B,C,D"
